last_name, first_name,player_id,attempts,avg_hit_angle,anglesweetspotpercent,max_hit_speed,avg_hit_speed,fbld,gb,max_distance,avg_distance,avg_hr_distance,ev95plus,ev95percent,barrels,brl_percent,brl_pa
Peraza, Jose,606299,570,13.4,38.2,108.7,83.9,87.1,81.3,426,177,391,134,23.6,14,2.5,2.0
Lindor, Francisco,596019,560,14.5,34.6,114.5,90.2,94.3,87.4,445,189,400,227,41.0,53,9.5,7.1
Markakis, Nick,455976,552,10.1,38.4,109.3,90.6,92.2,90.2,429,170,398,229,41.5,17,3.1,2.4
Turner, Trea,607208,534,8.3,29.0,112.3,87.8,92.5,84.9,427,158,396,205,38.4,31,5.8,4.2
Machado, Manny,592518,533,14.4,33.8,114.8,91.6,95.1,90.1,444,184,403,256,48.0,60,11.3,8.5
Albies, Ozzie,645277,527,15.5,34.0,109.9,86.3,91.7,81.6,427,176,389,155,29.4,25,4.7,3.7
Segura, Jean,516416,527,7.4,30.0,111.6,87.0,90.3,85.7,420,145,398,169,32.1,19,3.6,3.0
Merrifield, Whit,593160,526,16.6,41.1,106.4,86.5,91.1,82.0,430,183,401,163,31.2,24,4.6,3.4
Inciarte, Ender,542255,519,10.0,32.9,105.0,83.6,87.9,80.6,433,156,380,97,18.7,8,1.5,1.2
Brantley, Michael,488726,517,9.5,39.1,108.6,89.9,91.9,89.0,424,169,392,192,38.0,19,3.7,3.0
Simmons, Andrelton,592743,516,7.7,28.5,109.7,87.8,92.0,86.6,402,149,382,186,36.3,21,4.1,3.5
Bregman, Alex,608324,512,16.9,37.9,107.6,89.2,93.5,86.0,420,190,384,204,39.9,39,7.6,5.5
Semien, Marcus,543760,510,15.3,35.1,107.1,86.6,91.3,82.9,428,177,393,163,32.1,23,4.5,3.3
Ramirez, Jose,608070,504,18.8,34.7,110.2,88.9,92.4,86.6,434,196,388,173,35.1,43,8.5,6.2
Blackmon, Charlie,453568,495,11.8,34.9,110.4,87.2,91.2,83.7,447,173,407,174,35.2,32,6.5,4.6
Rizzo, Anthony,519203,495,14.4,36.2,112.6,89.9,93.1,87.9,453,185,404,200,40.5,32,6.5,4.8
Freeman, Freddie,518692,492,14.5,44.9,109.6,89.1,93.7,83.0,441,190,402,196,39.8,46,9.3,6.5
Jones, Adam,430945,491,13.0,35.6,108.1,88.0,91.5,86.2,422,174,396,162,33.1,24,4.9,3.9
Gordon, Dee,543829,490,3.5,30.4,104.7,80.6,85.2,78.3,388,130,365,61,12.5,1,0.2,0.2
Benintendi, Andrew,643217,482,12.6,37.6,109.5,88.4,91.9,84.8,437,182,394,159,33.1,31,6.4,4.7
Gurriel, Yuli,493329,481,11.5,32.6,107.9,89.3,89.7,91.0,427,165,378,174,36.2,9,1.9,1.6
Andujar, Miguel,609280,480,12.3,34.6,110.4,89.2,92.7,87.8,428,169,389,175,36.5,30,6.3,5.0
Moustakas, Mike,519058,476,19.6,31.3,112.2,89.3,92.9,88.6,438,188,398,186,39.1,42,8.8,6.6
Ozuna, Marcell,542303,476,10.8,30.5,117.2,91.5,94.9,90.1,479,165,415,213,44.9,46,9.7,7.3
Arenado, Nolan,571448,475,15.3,35.8,109.2,89.7,94.4,85.8,464,184,408,191,40.3,35,7.4,5.2
Castro, Starlin,516770,475,8.4,32.0,109.3,88.5,91.9,87.1,427,154,400,172,36.2,33,6.9,5.1
Santana, Carlos,467793,475,15.1,30.5,113.5,88.8,93.3,87.5,445,175,399,185,39.0,34,7.2,5.0
Hosmer, Eric,543333,472,-1.2,27.3,112.2,88.8,95.0,86.2,439,118,400,177,38.2,30,6.4,4.4
Castellanos, Nicholas,592206,472,15.2,45.3,110.3,89.6,93.6,84.9,426,198,384,191,40.5,53,11.2,7.8
Lowrie, Jed,476704,471,17.2,38.2,108.0,89.0,91.9,86.0,412,197,380,177,37.7,25,5.3,3.7
Gennett, Scooter,571697,467,13.3,37.5,108.5,86.7,90.9,82.6,420,179,377,149,31.9,27,5.8,4.2
Sanchez, Yolmer,570560,467,8.5,35.1,110.3,85.6,91.2,82.1,449,157,405,130,27.8,14,3.0,2.1
Anderson, Brian,605119,463,8.7,29.2,113.3,90.2,93.0,89.6,434,149,398,196,42.4,27,5.8,4.0
Galvis, Freddy,520471,462,13.2,32.9,105.8,87.5,91.7,83.8,419,177,382,129,28.5,18,3.9,2.7
LeMahieu, DJ,518934,460,5.7,31.3,109.3,91.1,93.2,89.6,439,163,399,197,43.0,24,5.2,4.1
Altuve, Jose,514888,459,9.5,34.0,112.3,86.3,92.3,81.2,443,159,399,155,33.8,27,5.9,4.5
Rosario, Eddie,592696,458,17.4,33.0,108.1,87.3,92.5,81.9,418,186,378,152,33.9,38,8.3,6.4
Haniger, Mitch,571745,455,12.7,36.5,112.8,90.2,94.2,87.4,443,174,400,195,43.0,47,10.3,6.9
Rendon, Anthony,543685,455,17.7,39.8,109.9,90.6,93.7,88.7,430,200,395,203,44.6,47,10.3,7.9
Hernandez, Cesar,514917,454,9.4,30.0,109.4,84.2,88.8,81.3,441,159,393,127,28.0,19,4.2,2.7
Marte, Starling,516782,454,8.2,31.5,112.0,87.5,94.2,83.6,453,159,398,173,38.3,34,7.5,5.6
Seager, Kyle,572122,449,18.4,37.0,110.5,89.7,92.6,87.3,424,197,385,178,39.6,25,5.6,4.0
Escobar, Eduardo,500871,448,18.8,39.5,108.8,86.5,90.8,82.3,447,197,400,122,27.6,37,8.3,5.9
Cain, Lorenzo,456715,447,4.9,30.9,112.4,89.1,91.0,88.6,431,139,402,181,40.5,15,3.4,2.4
Gregorius, Didi,544369,445,15.6,32.8,109.4,86.5,90.8,84.7,430,180,379,136,30.6,21,4.7,3.7
Baez, Javier,595879,444,9.2,33.6,113.7,89.6,96.9,84.5,481,174,404,190,43.1,56,12.6,8.7
Marte, Ketel,606466,444,5.7,29.3,115.1,88.5,92.0,87.4,465,146,405,162,36.7,22,5.0,3.8
Rosario, Amed,642708,441,7.2,32.7,109.5,87.3,90.4,85.9,437,151,405,141,32.1,17,3.9,2.9
Yelich, Christian,592885,441,4.7,36.7,113.6,92.3,97.2,89.0,441,160,407,224,50.8,57,12.9,8.8
Profar, Jurickson,595777,440,12.3,33.6,112.2,87.3,91.7,84.4,436,168,403,140,31.8,22,5.0,3.7
Jay, Jon,445055,440,3.2,31.8,105.0,84.1,89.0,81.1,413,131,387,94,21.4,8,1.8,1.4
Kepler, Max,596146,439,16.2,30.5,112.7,89.5,93.8,86.0,427,189,395,164,38.0,29,6.6,4.7
Peralta, David,444482,438,6.7,32.9,114.8,91.5,95.4,90.0,449,164,400,200,45.7,34,7.8,5.5
Piscotty, Stephen,572039,437,13.1,34.6,111.6,88.5,93.4,84.4,443,174,394,168,38.7,42,9.6,6.9
Martinez, Jose,500874,435,8.0,37.5,113.8,90.7,94.1,87.8,436,170,404,192,44.1,41,9.4,6.9
Mancini, Trey,641820,434,5.4,27.6,115.0,89.9,95.0,87.0,438,147,387,183,42.2,51,11.8,8.0
Story, Trevor,596115,434,15.7,38.2,112.5,90.8,95.0,86.8,505,201,422,199,46.0,55,12.7,8.4
Betts, Mookie,605141,434,18.3,39.4,110.6,92.2,95.8,88.6,452,207,400,217,50.2,61,14.1,9.9
Gardner, Brett,458731,432,8.4,30.6,110.1,87.3,91.7,85.0,426,156,385,142,32.9,12,2.8,2.0
McCutchen, Andrew,457705,431,13.4,36.4,110.9,90.1,94.2,86.2,427,179,387,180,41.9,36,8.4,5.3
Herrera, Odubel,546318,430,12.3,29.1,114.7,86.3,89.8,85.4,453,162,394,136,31.6,21,4.9,3.5
Martinez, J.D.,502110,430,10.7,40.0,116.7,93.0,96.8,89.1,443,184,398,225,52.4,69,16.0,10.6
Cabrera, Asdrubal,452678,429,14.3,33.1,108.3,89.6,93.5,86.8,425,178,385,167,38.9,31,7.2,5.2
Dozier, Brian,572821,429,17.8,31.0,104.8,86.7,91.7,82.6,409,179,379,122,29.0,27,6.3,4.3
Dickerson, Corey,572816,428,14.8,37.6,111.4,87.8,91.8,84.2,447,183,400,135,31.7,26,6.1,4.9
Rojas, Miguel,500743,426,8.9,35.4,106.6,84.1,87.2,83.2,431,145,390,101,23.8,4,0.9,0.8
Kinsler, Ian,435079,426,17.8,36.6,106.1,85.3,89.0,83.4,412,177,389,110,25.9,13,3.1,2.4
Springer, George,543807,425,9.5,30.1,114.7,88.6,93.3,86.1,462,157,410,158,37.2,38,8.9,6.1
Martinez, Victor,400121,425,14.0,35.3,107.6,87.8,90.8,85.5,416,181,384,129,30.4,20,4.7,3.9
Anderson, Tim,641313,423,10.5,33.3,112.5,85.6,90.6,81.7,414,161,384,118,27.9,20,4.7,3.3
Escobar, Alcides,444876,423,9.5,30.3,105.5,83.1,88.2,79.3,398,155,386,91,21.5,9,2.1,1.7
Kipnis, Jason,543401,422,17.0,34.6,107.4,86.1,90.5,81.6,417,191,382,129,31.3,28,6.6,4.7
Goldschmidt, Paul,502671,420,15.7,37.1,112.9,90.8,95.9,87.0,450,191,400,184,43.8,57,13.6,8.3
Pillar, Kevin,607680,420,16.5,39.3,111.1,87.1,90.9,85.0,440,181,390,153,36.4,24,5.7,4.4
Olson, Matt,621566,419,17.8,35.1,113.3,93.1,97.4,90.3,475,189,408,218,52.2,51,12.2,7.7
Bogaerts, Xander,593428,417,12.7,32.9,111.9,90.5,95.1,87.8,436,169,407,173,41.6,41,9.8,7.1
Stanton, Giancarlo,519317,416,11.6,30.0,121.7,93.7,99.7,91.4,458,175,405,210,50.5,63,15.1,8.9
Nunez, Eduardo,456488,415,9.2,27.2,110.2,88.2,90.4,89.4,411,148,383,148,35.7,14,3.4,2.8
Desmond, Ian,435622,414,0.0,28.5,112.0,89.9,95.8,87.3,472,130,405,179,43.2,29,7.0,4.7
Crawford, Brandon,543063,414,11.1,37.2,108.8,87.3,90.6,85.6,436,168,386,137,33.1,15,3.6,2.5
Duffy, Matt,622110,413,4.6,33.7,104.9,86.6,90.0,84.8,410,134,402,115,27.8,5,1.2,0.9
Ahmed, Nick,605113,413,11.3,36.3,106.2,86.5,91.5,81.8,438,175,393,124,30.0,21,5.1,3.7
Hoskins, Rhys,656555,413,22.4,36.1,112.0,88.9,94.3,82.7,444,212,393,161,39.2,47,11.4,7.1
Carpenter, Matt,572761,410,20.4,44.4,109.4,89.6,94.4,81.0,432,231,389,183,44.7,56,13.7,8.3
Bellinger, Cody,641355,409,16.1,32.0,112.9,89.7,95.4,86.4,443,183,405,156,38.6,35,8.6,5.5
Davis, Khris,501981,408,18.1,38.0,112.8,92.5,97.2,87.7,438,211,405,194,47.8,70,17.2,10.7
Perez, Salvador,521692,407,18.0,35.4,112.1,91.2,94.3,89.0,454,203,398,193,47.5,44,10.8,8.1
Choo, Shin-Soo,425783,407,6.1,35.9,109.5,89.0,95.2,83.7,447,164,404,163,40.0,45,11.1,6.8
Votto, Joey,458015,405,13.3,45.9,107.5,88.1,92.5,81.4,417,192,383,141,34.9,27,6.7,4.3
Mauer, Joe,408045,404,4.5,37.4,107.6,90.7,94.9,87.6,427,154,406,173,44.0,20,5.0,3.7
Chapman, Matt,656305,403,14.7,30.5,115.3,93.0,95.9,92.7,434,182,397,192,47.8,36,8.9,5.8
Wendle, Joey,621563,403,10.3,31.8,110.1,88.4,91.7,86.7,420,165,400,142,35.2,11,2.7,2.0
Pujols, Albert,405395,403,14.1,34.5,112.1,90.0,93.6,88.8,430,179,399,164,40.7,25,6.2,5.0
Zobrist, Ben,450314,403,8.5,35.0,107.5,89.4,91.7,87.8,423,163,386,154,38.2,12,3.0,2.3
Bell, Josh,605137,402,9.2,29.6,115.6,90.0,94.2,88.0,432,160,402,156,39.0,28,7.0,4.8
Solarte, Yangervis,500208,400,13.9,30.0,113.1,87.0,90.7,85.6,459,161,403,128,32.0,18,4.5,3.6
Cruz, Nelson,443558,400,12.8,31.3,117.0,93.9,97.2,92.7,465,180,411,205,51.3,55,13.8,9.3
Molina, Yadier,425877,399,15.4,37.6,107.2,88.1,92.3,84.3,438,184,394,134,33.6,22,5.5,4.4
Alonso, Yonder,475174,398,15.6,37.4,112.3,87.7,92.5,85.3,431,181,399,146,37.5,40,10.1,7.0
Shaw, Travis,543768,397,16.6,31.2,114.6,88.4,93.1,85.4,452,191,402,151,38.0,41,10.3,7.0
Margot, Manuel,622534,397,11.4,34.0,112.9,88.7,92.8,87.3,424,168,396,145,36.7,13,3.3,2.5
Abreu, Jose,547989,396,12.2,35.4,115.5,91.3,95.1,89.1,451,178,407,178,44.9,36,9.1,6.5
Suarez, Eugenio,553993,391,14.7,38.6,112.8,91.2,93.0,89.8,451,192,400,178,45.6,38,9.7,6.3
Smith, Mallex,605480,391,2.6,32.5,104.7,84.0,89.1,80.3,412,144,393,90,23.0,6,1.5,1.1
Iglesias, Jose,578428,390,11.9,31.5,106.5,84.3,88.2,83.2,402,153,386,87,22.3,5,1.3,1.1
Harper, Bryce,547180,390,13.9,35.4,115.1,90.6,96.3,84.8,473,187,409,176,45.1,45,11.5,6.5
Conforto, Michael,624424,388,11.9,36.3,112.4,87.9,93.5,83.6,472,173,395,142,36.8,37,9.5,5.8
Candelario, Jeimer,600869,384,15.3,32.0,112.7,87.1,91.8,85.2,440,174,398,128,33.3,23,6.0,3.7
Longoria, Evan,446334,384,13.6,32.6,110.4,88.5,93.0,85.7,435,177,399,142,37.0,29,7.6,5.7
Heyward, Jason,518792,384,9.4,29.7,110.7,88.1,91.2,88.3,423,163,395,148,38.5,11,2.9,2.2
Gordon, Alex,460086,383,10.9,36.6,109.0,88.5,93.4,84.3,422,170,399,151,39.4,26,6.8,4.6
Healy, Ryon,592387,382,12.1,32.2,112.0,89.4,93.2,87.8,441,165,401,159,41.6,27,7.1,5.2
Hicks, Aaron,543305,377,12.5,34.2,110.0,88.9,93.3,85.1,417,182,388,162,43.0,33,8.8,5.7
Hamilton, Billy,571740,377,14.3,36.6,101.9,79.3,83.0,76.2,392,159,375,32,8.5,2,0.5,0.4
Realmuto, J.T.,592663,377,14.4,39.8,109.8,88.9,92.4,86.0,434,177,406,154,41.0,34,9.0,6.4
Mazara, Nomar,608577,376,5.3,28.2,117.1,90.5,94.2,89.1,449,149,416,162,43.1,32,8.5,6.0
Encarnacion, Edwin,429665,375,18.1,35.2,112.2,89.9,94.3,85.9,434,192,401,152,41.4,44,11.7,7.6
Franco, Maikel,596748,374,9.5,29.7,114.5,88.1,91.8,88.0,435,153,394,127,34.0,25,6.7,5.4
Gonzalez, Marwin,503556,370,10.0,35.7,110.1,87.4,93.4,81.7,422,175,395,153,41.5,25,6.8,4.5
Barnhart, Tucker,571466,370,11.7,35.7,106.6,85.9,90.9,82.5,421,162,382,112,30.3,13,3.5,2.5
Almora Jr., Albert,546991,369,7.7,30.1,110.0,85.6,89.0,84.8,435,147,385,101,27.4,5,1.4,1.0
Moncada, Yoan,660162,365,15.1,36.4,113.1,90.6,94.1,87.2,433,191,397,161,44.2,35,9.6,5.4
Swanson, Dansby,621020,365,12.9,32.1,108.5,86.8,91.9,83.2,438,168,399,124,34.0,15,4.1,2.8
Span, Denard,452655,365,12.6,36.7,108.1,86.5,89.3,85.2,415,169,391,108,29.6,10,2.7,2.0
Diaz, Aledmys,649557,364,13.7,32.7,112.9,89.1,93.2,86.8,431,176,392,143,39.3,27,7.4,6.0
Calhoun, Kole,594777,364,12.0,34.3,109.4,90.4,94.4,86.4,436,181,403,156,42.9,34,9.3,6.2
Schoop, Jonathan,570731,363,11.2,30.9,111.2,86.1,90.0,84.7,446,156,393,111,30.6,18,5.0,3.6
Upton, Justin,457708,363,11.8,34.7,114.9,90.7,96.8,85.9,443,185,403,172,47.4,51,14.0,8.3
Taylor, Chris,621035,362,16.4,40.6,111.5,88.6,92.5,84.2,440,196,399,136,38.5,31,8.6,5.1
Dietrich, Derek,518618,361,15.7,34.1,111.0,87.4,90.8,86.2,448,170,396,136,37.8,22,6.1,4.0
Cron, C.J.,543068,361,15.2,34.3,114.4,88.0,93.9,85.4,464,181,408,132,36.6,44,12.2,7.9
Reddick, Josh,502210,359,18.1,32.0,105.9,85.2,89.8,82.0,434,179,378,95,26.5,14,3.9,2.9
Camargo, Johan,622666,359,12.5,31.2,109.6,88.0,91.0,86.8,431,166,389,121,33.7,18,5.0,3.4
Aguilar, Jesus,542583,359,16.2,38.2,110.0,89.8,93.8,85.1,433,198,396,153,42.6,41,11.4,7.2
Contreras, Willson,575929,357,6.8,28.9,114.1,87.0,92.9,83.5,435,155,392,119,33.3,26,7.3,4.8
Pham, Tommy,502054,357,6.7,38.7,112.1,92.8,95.3,91.4,454,171,407,178,49.9,36,10.1,6.3
Lucroy, Jonathan,518960,357,13.4,37.0,106.6,86.7,90.1,85.3,408,169,386,98,27.5,8,2.2,1.8
Kemp, Matt,461314,354,15.8,44.1,111.4,89.6,94.1,83.9,427,195,409,134,39.1,40,11.3,7.9
Odor, Rougned,596059,354,11.7,30.5,112.6,87.8,95.1,81.9,447,177,403,135,38.1,25,7.1,4.7
Flores, Wilmer,527038,353,17.0,33.1,108.5,86.4,89.7,85.8,422,180,384,94,26.8,10,2.8,2.3
Gonzalez, Carlos,471865,353,8.9,30.3,118.3,89.4,92.3,88.8,473,159,420,138,39.2,22,6.2,4.4
Smoak, Justin,475253,352,14.9,36.9,110.7,89.5,94.4,84.6,419,187,389,147,41.9,38,10.8,6.4
Pirela, Jose,517369,351,4.7,25.6,112.1,89.0,91.3,89.3,424,132,408,129,37.4,12,3.4,2.5
Trout, Mike,545361,351,18.6,41.0,118.0,91.2,95.9,85.2,459,212,407,162,46.2,58,16.5,9.5
Polanco, Gregory,570256,351,19.9,34.2,112.9,88.6,93.6,86.0,440,191,401,132,37.8,33,9.4,6.2
Posey, Buster,457763,347,10.3,35.2,108.1,89.1,91.8,87.0,421,165,396,121,34.9,18,5.2,4.0
Beltre, Adrian,134181,345,13.7,39.7,109.2,88.7,91.8,85.6,439,187,399,127,36.8,22,6.4,4.6
Bradley Jr., Jackie,598265,341,12.0,35.2,112.4,91.9,96.4,88.1,438,178,401,171,50.1,35,10.3,6.5
Moran, Colin,592567,340,10.5,38.2,107.8,88.0,92.4,84.7,416,165,399,120,35.3,18,5.3,3.9
Difo, Wilmer,594694,333,11.8,34.5,104.2,82.1,87.0,78.1,403,156,380,63,19.0,8,2.4,1.8
Hernandez, Enrique,571771,333,15.5,29.7,110.4,88.3,92.7,85.9,431,178,401,120,36.7,25,7.5,5.4
Panik, Joe,605412,333,9.7,32.7,108.1,86.5,88.3,86.4,400,154,374,98,29.7,9,2.7,2.3
Devers, Rafael,646240,331,10.9,30.2,116.3,90.7,95.3,89.4,447,167,399,138,41.7,30,9.1,6.1
Parra, Gerardo,467827,331,8.0,34.7,105.5,85.3,90.2,81.9,433,156,402,87,26.3,9,2.7,2.0
Villar, Jonathan,542340,331,2.7,27.2,110.9,87.2,91.9,84.9,430,134,399,119,36.0,17,5.1,3.3
Kingery, Scott,664068,331,16.8,38.7,109.1,85.5,90.3,79.1,405,188,378,101,30.7,17,5.1,3.5
Andrus, Elvis,462101,331,8.8,30.8,109.7,87.2,90.0,86.3,428,152,404,101,30.5,14,4.2,3.3
Russell, Addison,608365,324,12.0,36.7,108.2,86.3,90.0,83.8,409,174,379,86,26.5,7,2.2,1.5
Braun, Ryan,460075,323,5.8,36.2,116.3,91.9,97.4,87.2,443,168,401,160,49.5,35,10.8,7.8
Morales, Kendrys,434778,323,10.0,34.4,111.6,92.3,95.3,90.3,437,180,395,170,52.6,39,12.1,8.3
Pollock, A.J.,572041,321,13.2,31.5,108.6,89.0,93.7,84.5,455,183,405,130,40.6,32,10.0,7.0
Puig, Yasiel,624577,320,12.4,34.1,115.3,89.4,93.7,87.5,463,177,413,129,40.7,34,10.6,7.7
Grossman, Robbie,543257,320,14.5,34.4,108.6,86.8,89.7,85.5,422,173,394,89,28.3,7,2.2,1.5
Grandal, Yasmani,518735,319,14.0,33.2,111.0,88.9,94.5,84.5,429,187,404,127,40.4,38,11.9,7.3
DeJong, Paul,657557,318,19.1,37.7,110.4,89.3,93.4,85.6,464,205,398,128,40.3,29,9.1,5.9
Hernandez, Teoscar,606192,316,17.0,34.8,112.2,91.8,97.7,85.3,440,201,401,145,45.9,49,15.5,9.4
Soto, Juan,665742,316,5.5,30.1,113.7,89.4,97.4,84.6,440,152,395,133,42.2,31,9.8,6.3
Torres, Gleyber,650402,315,18.8,38.7,109.4,88.7,91.2,86.8,444,196,396,116,36.8,29,9.2,6.0
Pederson, Joc,592626,314,15.4,30.6,113.9,91.1,94.6,89.4,437,191,391,125,40.6,26,8.3,5.9
Gattis, Evan,594828,314,17.8,31.2,111.8,87.6,92.1,83.6,430,185,389,106,33.8,24,7.6,5.3
Goodrum, Niko,592348,314,10.8,37.6,110.7,87.7,91.5,84.4,418,176,387,111,35.4,25,8.0,5.1
Acuna Jr., Ronald,660670,313,12.9,34.2,113.9,90.8,95.3,87.1,452,181,410,146,46.6,42,13.4,8.6
Turner, Justin,457759,313,18.3,44.7,106.5,89.1,91.4,86.7,430,204,399,115,36.7,24,7.7,5.6
McCann, James,543510,313,16.0,37.7,111.4,87.5,91.5,86.3,437,177,394,116,37.1,16,5.1,3.5
Mercer, Jordy,474568,311,13.0,41.2,110.1,87.4,90.6,85.1,443,174,401,97,31.2,15,4.8,3.4
Suzuki, Kurt,435559,310,18.2,33.2,106.0,87.2,91.2,84.0,415,182,382,107,34.5,12,3.9,3.1
Engel, Adam,641553,308,12.5,27.6,113.4,84.8,91.7,80.2,423,170,399,99,32.1,8,2.6,1.7
Moreland, Mitch,519048,307,11.4,33.9,114.3,90.8,95.1,86.4,443,184,417,135,44.1,36,11.7,7.8
Hernandez, Gorkys,491676,307,11.8,30.0,108.5,86.2,92.4,83.1,433,148,403,109,35.5,23,7.5,5.1
Grichuk, Randal,545341,305,18.5,35.1,114.1,90.6,95.9,86.8,471,201,403,131,43.1,44,14.4,9.5
Ramos, Wilson,467092,304,4.4,34.2,113.3,91.3,95.4,89.2,446,150,396,143,47.2,23,7.6,5.5
Frazier, Todd,453943,304,18.6,32.2,114.1,89.6,93.8,87.5,437,194,395,111,36.6,21,6.9,4.4
Wong, Kolten,543939,302,6.8,26.5,107.1,84.4,91.1,80.1,409,149,386,93,30.9,10,3.3,2.5
Bour, Justin,571506,302,9.7,33.4,115.5,88.7,95.6,84.8,437,167,405,117,38.7,31,10.3,6.2
Correa, Carlos,621043,302,11.6,33.1,112.8,88.2,93.7,84.5,455,164,402,101,33.4,21,7.0,4.5
Kiner-Falefa, Isiah,643396,300,6.1,28.7,107.9,83.7,86.1,83.2,393,132,373,71,23.7,2,0.7,0.5
Renfroe, Hunter,592669,299,18.5,29.1,113.7,89.9,97.4,85.3,438,184,402,130,43.8,37,12.4,8.4
Williams, Nick,608384,296,10.2,37.2,113.3,88.6,90.8,87.5,439,174,401,110,37.2,20,6.8,4.5
Belt, Brandon,474832,294,22.5,43.9,107.6,86.1,90.5,79.5,429,217,389,93,31.6,31,10.5,6.8
Gallo, Joey,608336,293,21.6,37.5,117.5,93.9,99.9,85.2,472,225,409,144,49.1,66,22.5,11.4
Nimmo, Brandon,607043,293,10.5,33.4,110.9,89.5,94.1,87.5,449,159,397,123,42.1,19,6.5,3.6
Travis, Devon,581527,293,7.8,31.7,111.5,88.3,92.0,87.1,428,147,393,109,37.5,15,5.1,4.0
Schwarber, Kyle,656941,291,11.5,34.0,117.1,90.0,95.6,85.9,444,177,404,131,45.0,37,12.7,7.3
Murphy, Daniel,502517,291,16.3,42.3,106.9,87.6,89.4,87.1,425,195,394,83,28.5,14,4.8,4.0
Jones, JaCoby,592444,290,12.0,35.5,112.3,88.0,92.6,85.1,422,175,385,103,35.5,17,5.9,3.6
Forsythe, Logan,523253,289,10.4,29.4,106.1,87.3,89.6,86.4,423,151,393,86,29.8,3,1.0,0.7
Gomes, Yan,543228,287,18.5,41.8,109.1,88.9,92.3,85.1,435,200,391,110,38.7,24,8.4,5.5
Bryant, Kris,592178,285,17.7,38.2,110.2,85.8,91.3,78.8,448,186,406,95,33.5,27,9.5,5.9
Schebler, Scott,594988,283,8.6,32.9,111.1,90.2,94.1,88.0,449,161,406,120,42.4,30,10.6,7.0
Harrison, Josh,543281,283,14.9,36.0,105.1,84.7,90.3,78.8,421,180,386,74,26.1,11,3.9,2.9
Davis, Chris,448801,282,14.7,35.5,111.8,89.0,94.5,83.0,434,189,403,113,40.1,29,10.3,5.6
Canha, Mark,592192,279,15.5,36.6,108.5,87.0,92.7,82.9,434,182,400,96,34.4,25,9.0,6.1
Maldonado, Martin,455117,279,14.2,31.5,108.9,84.7,89.6,81.4,425,168,397,74,26.5,14,5.0,3.5
Gyorko, Jedd,576397,278,15.2,35.6,107.7,87.3,92.1,81.8,425,181,390,87,31.3,21,7.6,5.2
Jankowski, Travis,608671,276,2.0,28.3,104.3,83.5,85.8,82.8,415,119,385,52,19.3,2,0.7,0.5
Beckham, Tim,542921,272,9.4,31.6,111.2,86.6,92.2,82.6,431,158,405,96,35.3,16,5.9,4.0
Davidson, Matt,571602,272,13.8,36.0,115.1,90.0,95.8,86.6,450,187,400,115,42.3,33,12.1,6.7
Maybin, Cameron,457727,269,7.5,34.6,111.0,86.4,90.7,83.5,429,153,415,89,33.1,11,4.1,2.9
Duvall, Adam,594807,268,22.6,31.0,109.6,89.0,93.5,85.6,441,202,392,110,41.2,28,10.4,6.6
Guzman, Ronald,608597,267,14.3,33.3,111.3,86.6,90.2,84.4,443,178,386,88,33.1,17,6.4,4.0
Frazier, Adam,624428,267,10.0,34.5,105.5,87.6,90.2,86.1,413,163,383,82,30.7,11,4.1,3.1
Muncy, Max,571970,266,17.8,38.0,110.6,90.1,94.9,84.6,445,206,399,122,46.7,45,16.9,9.4
Judge, Aaron,592450,266,12.4,35.7,119.9,94.7,97.7,92.1,471,183,397,144,54.1,43,16.2,8.6
Cano, Robinson,429664,265,8.3,37.4,113.4,93.1,95.0,92.5,419,163,399,137,51.7,23,8.7,6.6
Brinson, Lewis,621446,264,6.9,27.3,113.6,89.2,93.7,86.4,450,150,414,103,39.2,23,8.7,5.7
Walker, Neil,435522,264,13.1,42.8,107.0,87.6,92.4,82.0,436,192,402,88,33.3,16,6.1,4.0
Palka, Daniel,594953,264,11.5,28.4,118.4,92.3,97.4,90.1,448,172,410,129,49.0,38,14.4,8.5
DeShields, Delino,592261,264,3.7,27.7,106.3,79.6,86.9,75.1,386,143,374,37,14.0,3,1.1,0.8
Arcia, Orlando,606115,263,3.3,24.3,107.4,85.6,90.6,83.7,403,121,384,75,28.6,6,2.3,1.6
Bader, Harrison,664056,260,12.5,34.6,113.6,86.0,91.6,81.7,431,177,403,80,30.8,18,6.9,4.2
Adrianza, Ehire,501303,259,14.4,34.4,107.1,84.7,90.3,78.9,405,182,387,79,30.6,13,5.0,3.6
Gomez, Carlos,460576,259,18.2,33.2,113.1,85.0,89.7,82.1,424,178,399,76,29.3,13,5.0,3.2
Garcia, Avisail,541645,259,9.6,26.6,116.7,90.3,95.8,86.8,481,163,400,112,43.2,30,11.6,7.8
Eaton, Adam,594809,257,7.2,33.9,109.4,85.8,90.3,82.9,408,152,396,78,30.4,8,3.1,2.2
Fletcher, David,664058,255,12.8,35.7,103.7,83.2,85.5,83.5,393,162,393,52,20.4,1,0.4,0.3
Cervelli, Francisco,465041,254,15.7,35.8,110.2,88.4,93.6,83.7,428,183,383,101,39.8,21,8.3,5.2
Dozier, Hunter,641531,254,13.1,33.1,112.9,89.5,93.8,85.8,439,182,401,102,40.2,27,10.6,7.0
Holt, Brock,571788,250,6.3,33.2,105.9,87.5,90.9,85.6,426,152,402,77,30.8,9,3.6,2.5
Heredia, Guillermo,628338,249,9.2,31.3,105.7,83.9,89.4,80.0,397,161,365,67,26.9,7,2.8,2.1
Pina, Manny,444489,249,13.8,37.3,109.7,84.7,90.4,80.9,428,169,409,66,26.6,13,5.2,3.9
Villanueva, Christian,570799,248,21.0,34.3,110.0,86.6,90.6,85.1,434,188,392,75,31.3,24,9.7,6.3
Hechavarria, Adeiny,588751,247,13.4,34.8,105.9,86.6,89.6,84.5,403,176,380,82,33.2,6,2.4,1.9
Descalso, Daniel,518614,246,19.1,41.9,105.5,89.0,92.3,85.9,432,210,385,85,34.8,25,10.2,5.9
Perez, Hernan,541650,246,10.9,34.1,109.6,87.3,91.2,85.5,441,170,409,79,32.1,12,4.9,3.6
Bruce, Jay,457803,245,21.2,37.6,109.0,88.4,92.6,83.9,412,205,390,84,34.4,22,9.0,6.1
Riddle, JT,595375,245,7.3,34.3,106.1,87.0,91.8,84.2,420,151,391,71,29.0,13,5.3,3.9
Kiermaier, Kevin,595281,245,6.2,26.1,110.2,84.5,90.7,81.4,416,143,394,71,29.0,11,4.5,3.0
Trumbo, Mark,444432,245,10.4,33.1,113.4,92.8,95.9,92.5,444,172,400,119,48.6,25,10.2,7.0
Polanco, Jorge,593871,244,15.5,37.7,109.0,83.9,88.7,79.8,411,180,379,68,27.9,9,3.7,2.7
Martin, Leonys,547982,243,16.2,34.6,112.9,86.8,92.4,82.3,421,188,392,94,38.7,26,10.7,7.4
Morrison, Logan,489149,239,19.6,36.4,112.6,88.1,94.5,82.5,442,200,406,89,38.2,26,10.9,7.2
Taylor, Michael A.,572191,239,6.2,27.2,110.8,86.4,93.1,82.0,425,153,392,81,33.9,15,6.3,3.9
Granderson, Curtis,434158,239,16.3,44.8,108.3,88.3,92.3,82.3,423,202,384,82,34.3,15,6.3,3.7
Winker, Jesse,608385,237,13.2,33.3,114.1,90.2,95.4,86.7,438,173,389,100,42.2,15,6.3,4.5
Zimmerman, Ryan,475582,235,7.1,28.9,110.8,92.6,97.8,89.0,443,164,406,124,52.8,32,13.6,9.9
Adams, Matt,571431,233,19.0,35.6,109.3,88.7,94.6,83.5,460,193,396,92,39.5,24,10.3,7.1
Garver, Mitch,641598,232,12.5,31.5,111.0,88.8,93.6,85.8,421,174,408,90,38.8,13,5.6,3.9
Sanchez, Gary,596142,231,14.2,29.4,121.1,90.3,97.7,85.9,461,171,413,96,41.6,32,13.9,8.6
Duda, Lucas,446263,229,19.6,42.8,114.1,89.5,92.5,86.0,436,212,407,84,36.7,23,10.0,6.3
Hanson, Alen,593700,229,12.8,32.8,107.7,82.8,86.9,79.8,413,156,384,49,21.5,9,3.9,2.9
Bauers, Jake,641343,227,11.3,33.9,110.0,86.8,93.1,81.7,420,171,397,71,31.3,16,7.0,4.1
Ohtani, Shohei,660271,225,12.3,35.6,113.9,92.6,97.8,88.0,449,180,413,113,50.2,36,16.0,9.8
Zunino, Mike,572287,225,17.8,33.3,116.0,89.5,97.1,82.4,454,188,404,101,44.9,31,13.8,7.7
Munoz, Yairo,622168,224,4.4,31.3,111.2,87.2,93.4,82.6,411,147,390,66,29.5,9,4.0,2.7
Herrera, Rosell,594011,224,2.2,32.6,112.0,87.1,91.0,84.7,414,136,342,73,32.6,5,2.2,1.7
Happ, Ian,664023,222,14.1,39.2,110.5,90.0,93.4,87.8,437,193,400,90,40.5,27,12.2,5.8
Chirinos, Robinson,455139,222,21.6,36.5,107.3,87.8,93.3,80.6,456,206,393,87,39.2,24,10.8,5.6
Myers, Wil,571976,219,9.2,38.8,112.9,90.3,95.5,85.7,450,171,402,100,45.7,16,7.3,4.7
Fowler, Dexter,451594,218,12.6,30.7,107.5,85.3,89.2,82.4,404,171,377,61,28.0,7,3.2,2.1
Narvaez, Omar,553882,217,13.0,43.8,102.5,85.1,89.4,81.3,407,173,380,53,24.4,6,2.8,1.9
Cabrera, Melky,466320,217,9.4,33.6,108.6,90.4,90.5,92.4,407,154,386,89,41.0,5,2.3,1.8
Iannetta, Chris,455104,216,13.3,37.0,114.5,91.7,96.0,87.0,469,189,421,93,43.3,20,9.3,5.6
Jackson, Austin,457706,215,10.6,34.0,108.6,86.8,90.4,84.4,419,158,404,69,32.4,6,2.8,1.6
Diaz, Elias,553869,215,10.4,35.3,112.2,89.6,91.6,89.9,420,163,396,87,40.5,14,6.5,5.1
Bautista, Jose,430832,215,19.3,35.3,111.9,90.8,95.3,88.5,429,193,393,91,42.7,17,7.9,4.3
Kemp, Tony,643393,215,10.8,34.4,100.2,82.6,88.7,77.2,396,160,361,38,17.7,1,0.5,0.3
Hedges, Austin,595978,214,15.8,30.8,108.2,85.4,92.0,80.5,421,179,393,64,29.9,14,6.5,4.3
Culberson, Charlie,518586,212,7.3,33.5,108.2,84.1,90.5,80.8,413,149,396,65,30.7,11,5.2,3.4
Allen, Greg,656185,212,6.5,35.4,105.7,84.7,88.0,82.0,389,155,388,64,30.2,3,1.4,1.0
Pinder, Chad,640461,212,13.3,37.3,112.3,90.2,95.8,85.6,424,187,403,90,42.5,30,14.2,9.0
Vazquez, Christian,543877,211,12.6,32.7,105.2,87.2,87.9,89.0,392,164,382,60,28.6,4,1.9,1.5
Freese, David,501896,211,7.2,34.6,110.9,90.3,93.1,88.8,433,160,391,95,45.0,19,9.0,6.1
Owings, Chris,572008,208,12.9,33.2,107.1,87.4,92.2,83.0,419,175,404,70,33.7,12,5.8,3.9
Robertson, Daniel,621002,207,7.7,31.9,107.0,86.6,90.4,84.8,431,146,397,72,34.8,11,5.3,3.2
Martin, Russell,431145,207,10.1,22.7,108.7,90.6,95.4,90.0,424,147,389,89,43.0,13,6.3,3.7
Valencia, Danny,502143,207,9.2,35.3,113.4,90.7,94.4,88.4,443,170,409,84,40.8,16,7.7,5.7
Alfaro, Jorge,595751,207,8.3,35.3,116.6,91.7,94.5,89.9,446,167,420,91,44.2,22,10.6,5.8
Hicks, John,543308,206,13.8,33.0,111.2,87.2,92.1,84.5,426,176,397,71,34.5,12,5.8,3.8
Delmonico, Nicky,547170,205,14.6,34.6,109.3,86.8,90.0,85.5,410,175,386,70,34.1,12,5.9,3.8
McNeil, Jeff,643446,205,14.0,32.2,105.6,85.2,90.1,82.6,399,168,391,59,28.9,5,2.4,2.0
Mondesi, Adalberto,609275,202,11.8,31.7,108.4,87.4,94.6,81.1,437,178,411,74,36.6,21,10.4,7.2
Joseph, Caleb,543376,199,12.6,39.2,105.0,84.6,89.3,80.5,399,174,382,58,29.4,3,1.5,1.1
Bird, Greg,595885,198,18.9,33.8,107.9,86.9,93.6,79.2,407,197,381,66,33.3,21,10.6,6.8
Gamel, Ben,592325,197,7.2,36.0,109.1,88.7,90.6,87.0,402,155,369,66,33.5,6,3.0,2.0
Hundley, Nick,460026,197,15.6,38.6,109.2,88.9,92.2,86.4,432,176,377,78,39.6,13,6.6,4.3
Adames, Willy,642715,196,8.6,32.1,110.6,86.5,91.9,83.0,434,154,406,58,29.6,13,6.6,4.0
Leon, Sandy,506702,194,15.5,29.9,106.7,83.6,88.3,79.6,401,175,393,50,25.8,9,4.6,3.1
Garcia, Leury,544725,194,5.3,34.0,108.8,85.7,90.9,82.0,421,142,399,61,31.6,5,2.6,1.8
Spangenberg, Cory,605486,194,6.1,34.5,107.6,86.4,93.1,81.2,413,158,386,74,38.3,11,5.7,3.3
Gurriel Jr., Lourdes,666971,193,10.4,35.2,110.7,90.3,92.4,88.1,450,178,396,88,45.6,15,7.8,5.7
Wieters, Matt,446308,193,18.3,32.6,111.8,86.9,92.2,82.8,405,188,389,64,33.3,9,4.7,3.3
Mesoraco, Devin,519023,193,20.6,26.9,109.0,86.6,92.0,82.9,416,172,393,55,28.5,12,6.2,4.4
Reyes, Jose,408314,190,12.4,28.4,107.3,84.5,89.0,82.4,413,150,381,45,23.8,5,2.6,2.0
Cave, Jake,595909,186,10.0,41.4,111.4,88.4,93.7,82.2,443,186,419,71,38.2,27,14.5,8.7
Cozart, Zack,446359,185,17.1,39.5,107.0,85.4,88.4,84.6,397,179,384,51,27.7,4,2.2,1.6
Dahl, David,621311,183,13.9,35.0,106.6,88.7,93.0,84.7,438,191,408,71,38.8,17,9.3,6.3
Reyes, Franmil,614177,181,6.8,28.7,115.4,92.3,96.7,89.8,479,153,405,86,47.5,21,11.6,7.4
Sandoval, Pablo,467055,179,9.3,32.4,113.9,89.6,94.2,87.6,447,159,392,66,36.9,9,5.0,3.6
Romine, Austin,519222,179,9.4,33.5,111.4,88.0,91.9,86.4,440,154,389,68,38.0,9,5.0,3.4
Pence, Hunter,452254,178,5.7,28.1,113.6,88.0,91.5,86.7,445,141,417,59,33.1,9,5.1,3.6
Dyson, Jarrod,502481,176,7.3,28.4,106.9,81.1,88.2,76.1,408,141,385,34,19.3,3,1.7,1.3
Pearce, Steve,456665,176,11.9,35.8,109.0,89.4,94.7,85.0,438,175,392,69,39.2,20,11.4,8.0
Nunez, Renato,600524,176,16.0,28.4,111.9,88.9,92.7,88.6,425,174,397,64,36.4,15,8.5,5.7
Flowers, Tyler,452095,176,12.9,37.5,110.5,90.0,91.7,89.1,448,186,400,78,44.6,12,6.8,4.1
Plawecki, Kevin,608700,175,10.9,28.0,111.6,86.7,91.1,84.8,410,161,390,62,35.6,8,4.6,2.9
Machado, Dixon,553988,175,10.7,34.3,106.6,84.9,89.7,82.1,387,159,377,45,25.7,6,3.4,2.6
Reyes, Victor,622682,168,6.0,31.5,108.5,84.0,88.4,81.5,399,138,390,44,26.2,5,3.0,2.3
Bonifacio, Jorge,593528,168,18.6,39.9,106.6,85.3,88.6,82.1,410,188,375,48,28.7,13,7.7,4.8
Valbuena, Luis,472528,168,18.0,29.8,107.6,89.0,92.7,85.3,440,191,410,68,40.7,17,10.1,5.9
Kratz, Erik,456124,166,12.7,28.3,109.1,89.5,92.1,88.3,433,168,404,65,39.2,8,4.8,3.7
Souza Jr., Steven,519306,166,16.2,35.5,109.8,88.7,91.9,87.7,450,179,401,66,39.8,13,7.8,4.8
Prado, Martin,445988,162,9.1,34.0,106.2,87.5,87.7,88.2,400,155,374,42,26.1,4,2.5,1.9
Ervin, Phillip,640447,162,16.2,37.7,106.9,85.4,90.8,80.6,427,177,394,56,34.6,7,4.3,2.8
White, Tyler,643603,162,17.0,31.5,108.2,89.0,93.7,85.5,417,192,382,59,36.4,15,9.3,6.3
Mahtook, Mikie,543484,160,12.1,28.1,109.3,87.6,93.1,84.1,445,162,399,56,35.0,10,6.3,4.0
Sucre, Jesus,491696,159,9.7,28.9,106.1,84.7,85.9,85.5,383,154,383,39,24.5,1,0.6,0.5
Rickard, Joey,572073,158,17.6,35.4,104.1,84.6,90.3,79.1,410,183,389,32,20.3,6,3.8,2.6
Joyce, Matt,459964,157,14.4,38.2,107.9,87.1,92.8,79.6,416,185,398,50,31.8,11,7.0,4.5
Soler, Jorge,624585,156,10.9,31.4,114.1,89.5,96.3,84.2,444,171,405,64,41.3,16,10.3,6.2
Smith, Kevan,607345,154,0.3,26.0,109.3,87.9,93.0,85.6,438,126,412,54,35.1,7,4.5,3.7
Rodriguez, Ronny,500135,154,11.3,27.9,106.5,83.9,90.3,79.8,402,160,380,46,29.9,5,3.2,2.4
Altherr, Aaron,571437,154,10.4,30.5,114.6,90.4,96.7,87.5,421,168,398,70,45.8,15,9.7,5.3
Peterson, Jace,607054,154,10.2,31.8,107.7,86.7,91.5,82.6,415,156,400,50,32.5,5,3.2,2.0
Marte, Jefry,527043,153,6.0,24.8,114.2,88.2,91.0,88.5,446,134,404,56,36.6,7,4.6,3.3
Sano, Miguel,593934,153,12.9,26.8,114.6,90.3,96.1,84.7,455,178,400,64,44.1,18,11.8,6.0
Davis, Rajai,434658,153,9.2,31.4,104.4,82.6,87.3,79.6,397,148,352,41,27.0,2,1.3,0.9
Austin, Tyler,592122,152,15.1,37.5,112.9,89.0,95.9,80.5,451,189,402,66,43.4,24,15.8,9.0
McCann, Brian,435263,151,23.1,36.4,104.5,86.0,89.3,84.0,410,192,389,39,25.8,5,3.3,2.3
Field, Johnny,608654,151,12.5,36.4,105.3,85.6,91.2,81.1,425,182,391,46,30.5,8,5.3,3.4
Wolters, Tony,547172,151,5.0,24.5,103.4,84.3,88.4,83.3,418,132,396,32,21.2,5,3.3,2.3
Thames, Eric,519346,150,19.3,34.7,110.8,91.0,94.9,85.5,416,207,396,65,43.3,25,16.7,9.0
Miller, Brad,543543,150,10.9,37.3,112.0,90.8,94.6,87.0,436,192,414,73,49.0,16,10.7,6.3
Garcia, Greg,594824,147,9.9,31.3,105.8,81.9,87.9,78.0,391,154,370,37,25.2,4,2.7,1.9
Guyer, Brandon,446386,147,14.1,32.7,105.4,84.2,88.3,81.0,401,182,378,45,31.3,7,4.8,3.2
Asuaje, Carlos,641319,147,14.2,36.1,104.0,86.4,90.5,82.5,401,177,393,36,25.2,6,4.1,2.8
Fowler, Dustin,641583,147,15.0,35.4,108.6,88.3,89.1,89.7,437,172,404,59,40.4,6,4.1,3.0
Stassi, Max,545358,147,5.8,28.6,110.1,89.9,99.0,84.0,466,148,405,67,45.6,13,8.8,5.2
Lamb, Jake,571875,146,4.9,31.5,108.4,88.2,91.8,84.9,422,161,388,54,37.2,9,6.2,3.8
Reynolds, Mark,448602,145,18.3,34.5,109.9,89.0,92.4,86.8,449,182,406,57,39.3,15,10.3,6.4
Ramirez, Hanley,434670,144,11.5,25.0,117.5,91.9,94.6,94.6,432,145,405,69,47.9,11,7.6,5.6
Severino, Pedro,600474,144,14.1,31.3,108.3,83.2,89.7,79.0,428,150,426,28,19.4,3,2.1,1.4
Caratini, Victor,605170,142,5.9,29.6,112.9,87.8,94.2,84.7,419,143,407,53,37.3,5,3.5,2.5
La Stella, Tommy,600303,142,8.1,33.1,103.9,86.0,89.6,85.3,391,151,378,35,24.6,2,1.4,1.0
Meadows, Austin,640457,140,13.7,34.3,108.6,88.2,91.2,86.7,420,181,398,55,39.3,9,6.4,4.7
Murphy, John Ryan,571974,140,20.7,30.7,107.9,86.0,93.0,79.0,434,194,404,44,31.4,14,10.0,6.3
Santana, Domingo,570267,137,11.5,36.5,111.6,89.0,92.5,86.1,429,169,391,53,39.0,14,10.2,6.0
Choi, Ji-Man,596847,137,13.6,35.8,109.4,90.0,94.9,87.0,460,173,409,58,42.3,16,11.7,7.2
Maile, Luke,571912,137,11.1,30.7,109.9,89.3,93.1,87.2,418,158,381,59,43.1,7,5.1,3.0
Gonzalez, Adrian,408236,137,11.6,33.6,108.1,88.5,92.7,83.8,430,166,402,52,38.0,9,6.6,4.8
Swihart, Blake,596119,135,13.9,34.1,108.1,86.0,88.7,85.2,403,164,373,36,26.7,7,5.2,3.4
Mullins, Cedric,656775,135,7.5,24.4,108.0,85.0,91.9,82.2,412,146,400,38,28.1,4,3.0,2.1
Barnes, Austin,605131,134,4.4,28.4,108.1,86.3,88.8,85.8,419,126,403,41,31.5,5,3.7,2.1
Donaldson, Josh,518626,134,11.8,32.8,115.5,90.2,96.3,85.9,435,170,396,55,41.4,14,10.4,6.4
Adduci, Jim,451192,134,10.5,26.1,111.8,85.2,90.0,83.4,424,156,384,35,26.1,5,3.7,2.7
Blanco, Gregor,453923,133,14.4,37.6,106.7,83.5,88.6,79.4,399,162,389,31,23.5,5,3.8,2.5
Naquin, Tyler,571980,133,5.6,33.8,110.5,89.0,91.4,87.4,418,155,410,51,38.9,6,4.5,3.3
Mathis, Jeff,425772,132,14.2,37.1,108.2,86.6,92.2,80.8,414,183,386,44,33.3,4,3.0,1.8
Marisnick, Jake,545350,131,17.6,35.1,111.7,84.9,90.7,77.7,428,192,401,41,31.3,11,8.4,4.7
Utley, Chase,400284,131,15.7,32.8,106.4,87.3,90.5,84.2,394,178,358,41,32.5,3,2.3,1.6
Slater, Austin,596103,131,2.3,25.2,108.2,86.9,88.6,87.4,425,117,425,45,34.4,3,2.3,1.3
Bote, David,623520,127,3.5,27.6,114.0,93.5,96.6,91.8,442,155,421,67,53.2,14,11.0,6.7
Gentry, Craig,502226,126,7.8,31.0,101.4,82.2,88.3,77.7,420,147,420,26,20.6,2,1.6,1.2
Butera, Drew,460077,126,18.6,32.5,103.7,86.1,91.0,83.5,395,185,368,33,26.2,2,1.6,1.1
Holaday, Bryan,592407,125,14.5,34.4,103.1,83.3,87.5,79.7,394,166,394,20,16.0,1,0.8,0.6
Kendrick, Howie,435062,124,7.9,36.3,109.6,90.2,95.2,86.6,434,161,412,55,44.4,6,4.8,3.8
Tucker, Preston,605512,124,11.5,28.2,111.2,90.4,91.8,90.6,442,162,398,49,39.5,5,4.0,2.7
Castillo, Welington,456078,124,15.5,34.7,108.5,90.4,93.2,88.7,430,185,392,57,46.0,12,9.7,6.6
Cuevas, Noel,571595,122,10.4,28.7,109.3,85.2,90.3,83.5,403,154,383,33,27.0,2,1.6,1.3
Flaherty, Ryan,475247,122,-0.2,28.7,106.7,86.4,91.9,83.5,428,114,428,33,27.0,3,2.5,1.6
Ellis, A.J.,454560,119,10.5,35.3,106.8,88.7,93.6,84.2,402,165,398,44,38.6,5,4.2,2.7
McMahon, Ryan,641857,118,7.1,34.7,110.1,88.9,91.7,86.1,438,166,413,52,44.1,6,5.1,3.0
Perez, Roberto,547379,118,5.3,28.0,111.9,86.2,94.1,80.8,407,158,404,49,42.6,7,5.9,3.3
Martini, Nick,605361,117,2.9,36.8,107.2,88.0,91.6,84.8,400,153,336,47,40.2,3,2.6,1.7
LaMarre, Ryan,534606,115,10.4,35.7,108.9,87.1,92.4,84.7,389,161,377,38,33.9,4,3.5,2.2
Knapp, Andrew,595284,114,12.5,39.5,105.0,87.6,91.2,82.3,408,184,395,45,39.5,10,8.8,4.7
Sierra, Magneuris,642423,111,-1.4,20.7,104.7,77.4,83.5,74.6,351,101,,16,14.4,0,0.0,0.0
Casali, Curt,592200,110,13.5,36.4,106.6,86.0,90.3,82.5,391,174,372,34,30.9,5,4.5,3.2
Ortega, Rafael,542364,110,12.3,30.9,107.2,84.5,85.3,84.6,374,153,,25,22.7,0,0.0,0.0
Shuck, JB,543776,109,6.2,24.8,105.7,83.8,88.6,83.1,384,124,,27,24.8,0,0.0,0.0
Laureano, Ramon,657656,108,10.3,34.3,111.9,89.8,93.9,86.4,441,172,403,45,41.7,12,11.1,6.8
Cabrera, Miguel,408234,108,7.3,29.6,114.4,94.4,98.1,92.9,383,140,365,59,54.6,5,4.6,3.2
Avila, Alex,488671,106,8.6,34.9,110.1,89.7,97.6,82.6,421,175,401,48,45.3,13,12.3,5.6
Tomlinson, Kelby,605509,106,1.2,26.4,102.3,80.7,85.8,78.2,387,111,,17,16.0,1,0.9,0.7
Goodwin, Brian,571718,104,11.3,35.6,110.8,87.7,92.0,84.1,416,172,408,39,37.5,9,8.7,5.0
O'Hearn, Ryan,656811,104,17.7,33.7,108.3,91.4,95.6,86.8,431,197,392,46,44.2,13,12.5,7.6
Wilson, Bobby,435064,102,10.4,27.5,103.8,80.1,86.8,75.6,392,154,387,23,22.5,3,2.9,2.0
Gonzalez, Erik,570481,102,3.4,31.4,111.5,89.6,90.5,89.9,412,140,412,43,43.0,3,2.9,2.1
Fernandez, Jose Miguel,628336,101,11.7,36.6,106.9,85.4,87.7,84.1,401,156,382,37,36.6,3,3.0,2.4
Almonte, Abraham,501659,100,6.3,27.0,110.9,87.2,90.0,87.2,426,152,409,37,37.0,8,8.0,5.3
Voit, Luke,572228,100,15.3,46.0,112.3,93.0,96.4,87.8,430,210,393,54,54.0,20,20.0,12.4
Kieboom, Spencer,571851,98,11.5,35.7,105.1,84.0,89.5,78.8,414,159,385,20,20.4,1,1.0,0.7
Duggar, Steven,621453,98,12.8,36.7,107.4,84.7,90.3,80.2,386,162,378,30,30.6,4,4.1,2.6
Quinn, Roman,596451,97,6.4,28.9,107.4,85.0,87.7,83.5,393,149,383,27,27.8,2,2.1,1.4
Williams, Mason,592863,96,7.3,31.3,106.1,85.4,90.5,81.1,418,154,403,33,34.4,2,2.1,1.5
Smith, Dominic,642086,96,17.2,40.6,108.8,87.7,93.0,81.1,417,186,391,29,30.2,6,6.3,4.0
Sisco, Chance,642082,94,13.4,30.9,106.4,87.8,92.8,84.2,411,170,397,27,28.7,4,4.3,2.2
Valaika, Pat,642162,94,13.8,30.9,107.3,82.9,88.4,78.5,439,169,414,20,21.3,3,3.2,2.3
Cespedes, Yoenis,493316,93,19.7,36.6,115.1,90.8,95.1,85.7,463,204,400,43,46.2,10,10.8,6.4
Pena, Francisco,506747,92,7.1,27.2,108.2,85.0,87.8,84.4,430,135,424,25,27.2,3,3.3,2.1
Lowe, Brandon,664040,92,13.9,31.5,111.0,89.3,95.3,83.8,411,175,383,40,43.5,10,10.9,6.8
Astudillo, Willians,553902,91,12.2,38.5,107.4,87.1,88.1,87.1,405,180,386,27,29.7,5,5.5,5.2
Dean, Austin,621573,91,14.6,31.9,108.3,87.5,92.1,84.9,410,174,399,31,34.1,5,5.5,4.1
Rivera, Yadiel,592680,90,3.7,23.3,107.6,89.7,92.4,89.6,402,124,402,25,28.1,4,4.4,2.5
Rodriguez, Sean,446481,90,19.3,32.2,110.4,87.6,93.0,82.7,422,200,396,26,29.2,7,7.8,4.0
Ward, Taylor,621493,90,15.6,42.2,106.7,86.4,93.0,79.5,431,191,403,29,32.2,7,7.8,4.8
Diaz, Yandy,650490,90,4.4,32.2,111.6,92.1,93.6,91.7,386,138,386,40,44.4,4,4.4,3.3
Rua, Ryan,607387,89,13.2,30.3,114.0,89.3,94.6,86.1,399,174,387,36,40.4,9,10.1,6.1
Blandino, Alex,607468,89,8.3,28.1,106.8,86.2,88.9,84.2,382,155,370,28,31.5,1,1.1,0.7
Tilson, Charlie,605508,89,-0.6,24.7,105.4,77.6,82.9,75.8,358,100,,15,16.9,0,0.0,0.0
Saladino, Tyler,573135,88,15.6,40.9,109.3,89.4,92.0,88.0,431,200,416,38,43.2,6,6.8,4.3
Tocci, Carlos,624636,88,8.9,26.1,101.1,76.2,82.4,71.9,372,145,,12,13.6,0,0.0,0.0
Wynns, Austin,642851,88,6.7,31.8,105.1,83.8,87.4,82.0,407,144,374,24,27.3,3,3.4,2.5
Goins, Ryan,572365,87,4.5,35.6,105.6,84.8,92.1,78.5,392,159,,23,26.4,1,1.1,0.8
McKinney, Billy,641856,87,18.7,41.4,109.4,88.8,93.1,86.6,411,193,399,33,37.9,7,8.0,5.3
Cordero, Franchy,614173,85,5.9,37.6,116.9,92.6,97.0,88.8,489,168,439,42,51.9,11,12.9,7.1
Osuna, Jose,591741,85,9.7,32.9,109.3,89.0,93.7,84.9,420,151,411,31,36.5,6,7.1,5.4
Seager, Corey,608369,85,9.6,38.8,112.0,91.5,95.3,87.3,440,189,412,34,40.5,7,8.2,6.1
Romine, Andrew,461865,84,8.5,28.6,106.2,78.8,82.2,76.7,373,143,,14,16.7,1,1.2,0.8
Torreyes, Ronald,591720,84,10.4,36.9,100.7,81.8,85.5,80.4,389,152,,8,9.5,1,1.2,1.0
Briceno, Jose,593993,83,9.7,33.7,108.6,86.1,89.4,82.3,423,171,404,29,34.9,4,4.8,3.1
Young Jr., Eric,458913,82,1.8,29.3,107.0,82.6,88.1,80.5,423,129,423,20,24.4,1,1.2,0.9
Crawford, J.P.,641487,82,14.7,31.7,105.2,86.4,92.9,81.3,387,178,384,28,34.1,4,4.9,2.9
Cuthbert, Cheslor,596144,81,13.0,23.5,113.4,89.1,91.0,90.3,386,152,358,28,34.6,3,3.7,2.6
Santander, Anthony,623993,80,15.5,23.8,112.5,87.1,90.1,87.2,408,161,402,21,26.3,4,5.0,3.7
Thompson, Trayce,572204,80,18.0,22.5,110.3,85.0,91.2,81.8,431,175,404,26,32.5,4,5.0,2.9
Young, Chris,455759,78,24.1,30.8,108.8,83.3,88.5,80.8,409,190,387,22,28.6,5,6.4,3.9
Calhoun, Willie,641432,77,11.6,33.8,108.6,87.2,90.2,84.1,417,178,413,18,23.4,2,2.6,1.9
Arcia, Francisco,516472,76,9.8,31.6,103.6,81.5,88.6,76.1,400,151,392,15,19.7,5,6.6,4.7
Sogard, Eric,519299,76,15.8,43.4,103.4,83.7,87.4,79.6,365,184,,18,23.7,1,1.3,0.9
Dixon, Brandon,641525,75,10.6,29.3,112.4,89.0,95.1,83.9,436,171,409,30,40.0,7,9.3,5.6
O'Neill, Tyler,641933,75,22.2,33.3,113.1,92.1,97.4,86.1,457,228,412,34,45.3,17,22.7,12.0
Alvarez, Pedro,476883,75,11.4,26.7,115.9,90.0,98.2,82.8,437,182,402,32,42.7,11,14.7,8.7
Phillips, Brett,621433,74,10.5,31.1,104.4,84.8,90.6,81.8,423,148,406,22,29.7,3,4.1,2.0
Davis, J.D.,605204,74,8.8,27.0,111.8,88.5,94.3,85.2,392,154,381,26,35.1,6,8.1,5.3
Luplow, Jordan,656669,74,16.6,32.4,108.5,85.6,91.6,82.0,441,165,411,18,24.3,5,6.8,4.9
Lugo, Dawel,608475,74,1.4,23.0,108.1,86.2,94.0,83.9,404,119,404,21,28.4,1,1.4,1.0
Chisenhall, Lonnie,502082,73,20.0,38.4,107.5,84.3,88.6,80.7,376,199,366,21,28.8,2,2.7,2.1
Rondon, Jose,602922,70,12.7,30.0,110.6,84.9,90.7,80.8,422,163,380,25,35.7,8,11.4,7.5
Cowart, Kaleb,592230,69,21.8,34.8,105.0,86.9,90.6,83.4,387,193,377,21,30.4,3,4.3,2.4
Urena, Richard,620446,69,11.7,31.9,107.2,85.6,90.1,83.6,395,153,376,22,31.9,1,1.4,0.9
Freitas, David,571679,69,10.3,37.7,104.6,89.7,92.6,87.7,392,177,392,23,33.8,4,5.8,3.8
Newman, Kevin,621028,69,5.7,34.8,100.9,83.5,86.3,81.8,387,130,,12,17.4,1,1.4,1.0
Phegley, Josh,572033,68,14.4,30.9,106.5,84.9,91.1,78.3,384,176,375,15,22.1,2,2.9,2.0
Williamson, Mac,607776,67,2.0,28.4,114.2,87.3,92.4,83.8,464,152,429,27,40.3,5,7.5,4.8
Greiner, Grayson,606988,67,10.7,38.8,110.1,87.9,93.2,85.2,408,183,,24,35.8,5,7.5,4.3
Orlando, Paulo,449181,65,11.2,24.6,108.6,88.3,89.6,88.8,359,140,,22,33.8,1,1.5,1.1
Jansen, Danny,643376,65,21.1,30.8,106.0,85.1,91.0,79.0,400,195,388,18,27.7,6,9.2,6.3
Verdugo, Alex,657077,64,3.4,20.3,110.4,87.5,89.6,88.1,404,129,404,19,34.5,3,4.7,3.5
Guillorme, Luis,641645,64,5.5,31.3,106.6,85.9,86.8,85.8,355,139,,20,31.3,0,0.0,0.0
Buxton, Byron,621439,63,12.7,20.6,109.1,85.7,91.9,82.9,339,148,,17,27.0,1,1.6,1.1
Zimmer, Bradley,605548,62,6.1,35.5,111.9,86.7,93.6,83.1,417,147,417,24,42.9,5,8.1,4.4
Scherzer, Max,453286,61,-6.9,21.3,103.6,76.7,89.9,71.4,362,102,,10,16.4,1,1.6,1.3
Lopez, Raffy,607257,61,19.3,44.3,106.3,86.7,91.3,77.8,418,209,415,16,27.6,4,6.6,3.4
Vogelbach, Daniel,596129,61,10.1,36.1,112.3,92.4,97.4,88.2,433,179,403,32,52.5,7,11.5,6.9
Nido, Tomas,621512,59,8.8,28.8,103.2,85.7,92.5,81.3,400,144,400,18,30.5,1,1.7,1.1
d'Arnaud, Chase,488818,58,19.9,36.2,107.5,88.2,91.3,83.8,410,201,381,19,32.8,3,5.2,3.0
Perez, Michael,605421,58,16.9,36.2,103.5,87.4,91.2,84.8,379,189,364,17,29.3,1,1.7,1.3
Refsnyder, Rob,608701,58,12.6,32.8,110.2,88.2,89.8,88.2,401,166,391,19,33.3,4,6.9,3.9
Drury, Brandon,592273,57,13.4,38.6,108.6,88.2,93.6,83.1,401,168,,20,35.1,4,7.0,4.7
Marrero, Deven,571918,56,6.0,32.1,107.2,84.1,90.9,79.2,395,136,,14,25.0,3,5.4,3.5
Higashioka, Kyle,543309,56,28.0,30.4,109.2,88.4,92.0,85.2,401,219,377,17,30.4,6,10.7,7.6
Valentin, Jesmuel,621044,56,20.4,42.9,100.0,84.9,88.0,81.7,385,198,359,9,16.1,1,1.8,1.1
Kozma, Pete,518902,56,10.3,35.7,100.0,83.1,87.0,79.8,403,174,403,12,21.4,1,1.8,1.4
Stevenson, Andrew,664057,56,2.8,33.9,105.9,83.8,92.1,76.1,401,160,401,20,35.7,2,3.6,2.3
Valera, Breyvic,591971,55,11.4,30.9,102.1,82.7,85.5,80.9,366,170,,9,16.4,1,1.8,1.3
Marquez, German,608566,54,-4.5,24.1,105.1,78.5,85.9,74.8,447,113,447,12,22.2,2,3.7,3.1
Farmer, Kyle,571657,54,12.2,31.5,104.6,86.7,90.3,83.4,378,158,,16,33.3,0,0.0,0.0
Smith Jr, Dwight,596105,53,8.0,34.0,111.7,87.0,92.0,83.6,388,168,346,13,24.5,2,3.8,2.7
Herrmann, Chris,543302,53,17.5,35.8,107.9,90.0,95.1,82.7,410,193,401,28,52.8,4,7.5,4.6
Greinke, Zack,425844,52,6.8,25.0,106.9,80.7,89.6,74.2,385,151,,13,25.0,2,3.8,2.8
Szczur, Matt,519333,52,14.0,30.8,106.5,83.2,88.4,83.2,401,159,401,12,24.5,1,1.9,1.2
Robinson, Drew,592685,52,13.2,44.2,110.8,87.3,94.6,79.4,420,177,406,19,36.5,5,9.6,4.0
Rivera, Rene,425784,51,17.1,45.1,110.0,89.2,94.2,81.0,432,213,407,23,45.1,6,11.8,6.6
Perez, Carlos,542208,51,22.8,43.1,107.6,84.6,89.1,77.6,379,203,350,10,19.6,0,0.0,0.0
Lagares, Juan,501571,51,5.0,25.5,110.3,87.5,87.9,89.3,328,119,,16,31.4,0,0.0,0.0
Tucker, Kyle,663656,51,15.5,21.6,106.8,90.7,92.8,91.7,402,140,,23,45.1,2,3.9,2.8
Gallagher, Cam,595956,50,20.0,32.0,107.2,84.9,87.0,85.0,395,187,395,12,24.0,4,8.0,5.8
Sanchez, Adrian,506703,50,8.1,36.0,109.0,86.0,89.9,84.1,400,153,,14,28.6,3,6.0,5.1
Broxton, Keon,542979,50,2.7,30.0,109.7,84.0,92.6,77.5,442,143,398,15,30.0,3,6.0,3.4
Tellez, Rowdy,642133,50,10.6,46.0,109.3,88.7,96.4,80.6,423,191,398,20,40.0,6,12.0,8.2
Murphy, Tom,608596,49,20.8,40.8,109.5,85.6,90.6,78.2,435,188,422,12,24.5,3,6.1,3.1
Robles, Victor,645302,48,16.0,37.5,108.5,82.3,88.7,73.9,427,179,391,11,22.9,3,6.3,4.5
Herrera, Dilson,599096,48,21.8,43.8,106.6,84.4,92.7,71.4,420,228,413,12,25.0,6,12.5,6.2
Chacin, Jhoulys,468504,48,2.0,10.4,108.7,76.7,94.5,72.8,348,79,,8,16.7,0,0.0,0.0
Stewart, Christin,621514,48,17.4,31.3,107.1,86.9,89.6,84.6,407,185,380,13,27.1,3,6.3,4.2
Lin, Tzu-Wei,624407,48,13.1,39.6,104.2,88.1,93.1,84.1,396,166,396,13,27.1,2,4.2,2.7
Petit, Gregorio,463610,47,15.8,34.0,104.5,85.7,88.6,83.9,370,190,,11,23.4,1,2.1,1.5
Reyes, Pablo,622569,47,7.8,29.8,106.7,90.5,92.9,89.5,390,160,374,23,48.9,4,8.5,6.3
Teheran, Julio,527054,45,-5.4,22.2,101.9,72.3,85.6,66.8,392,138,392,7,15.6,0,0.0,0.0
O'Brien, Peter,598284,45,16.5,44.4,112.2,92.1,96.6,83.8,406,217,381,23,51.1,7,15.6,9.5
deGrom, Jacob,594798,45,1.4,24.4,101.6,76.1,83.8,71.1,319,136,,5,11.1,0,0.0,0.0
Robinson, Shane,453203,44,12.0,18.2,102.6,84.0,85.4,82.6,391,161,391,9,20.5,1,2.3,1.9
Roark, Tanner,543699,44,-4.6,20.5,98.6,77.6,86.5,75.3,343,88,,8,18.2,0,0.0,0.0
Barreto, Franklin,620439,44,23.2,29.5,108.4,87.9,95.9,80.7,444,196,407,19,43.2,5,11.4,6.7
Galloway, Isaac,543194,44,14.6,36.4,104.3,82.5,90.6,71.6,428,197,402,10,22.7,3,6.8,4.1
Gimenez, Chris,460269,43,13.6,23.3,106.6,88.9,92.8,88.0,402,159,400,14,32.6,3,7.0,4.5
Andreoli, John,607430,43,17.9,34.9,99.9,83.2,85.7,83.5,386,178,,7,16.3,1,2.3,1.5
Maxwell, Bruce,622194,43,4.2,37.2,111.0,88.6,94.0,85.3,417,167,417,14,32.6,2,4.7,3.4
Wade, Tyler,642180,43,-0.7,20.9,102.8,83.4,88.0,80.7,410,119,410,9,20.9,1,2.3,1.4
Lester, Jon,452657,43,-1.9,23.3,107.2,78.9,94.6,74.3,406,112,406,14,32.6,2,4.7,3.1
Bandy, Jett,542908,41,26.3,43.9,105.2,83.9,90.1,74.9,377,188,377,9,22.0,2,4.9,2.8
Florimon, Pedro,465753,41,16.4,39.0,106.9,90.2,93.6,86.6,417,188,406,18,43.9,2,4.9,2.6
Corbin, Patrick,571578,40,-4.6,22.5,99.3,75.2,90.8,70.4,330,90,,3,7.5,0,0.0,0.0
Castillo, Luis,622491,40,-7.4,17.5,97.5,73.8,82.6,71.2,357,88,,1,2.5,0,0.0,0.0
Hermosillo, Michael,641684,40,11.6,22.5,108.8,83.5,95.0,79.6,391,113,391,14,35.0,2,5.0,3.2
Taillon, Jameson,592791,40,-8.3,15.0,102.3,76.2,85.4,75.8,384,81,,8,20.0,0,0.0,0.0
Kershaw, Clayton,477132,39,-6.9,25.6,102.5,72.3,81.5,70.2,319,95,,3,7.7,0,0.0,0.0
Wheeler, Zack,554430,39,8.5,33.3,104.3,77.1,84.5,71.0,343,140,,3,7.7,0,0.0,0.0
Urias, Luis,649966,39,3.4,30.8,107.0,86.7,93.7,83.6,434,123,388,9,23.1,1,2.6,1.9
Castro, Daniel,593495,39,7.0,23.1,100.4,79.8,82.6,79.8,363,112,363,3,7.7,0,0.0,0.0
Fisher, Derek,605233,39,3.0,43.6,111.4,92.2,98.4,87.6,447,162,402,17,43.6,5,12.8,5.8
Castro, Jason,488771,38,8.2,34.2,109.0,86.8,91.6,85.4,416,151,416,10,31.3,2,5.3,2.7
Mejia, Francisco,642336,37,8.8,29.7,103.1,86.7,87.2,87.2,395,137,389,11,29.7,3,8.1,4.8
Matz, Steven,571927,37,4.4,32.4,103.1,75.1,82.2,69.7,395,156,378,3,8.1,1,2.7,1.9
Arroyo, Christian,624414,37,0.0,21.6,109.0,91.9,97.1,90.9,425,104,425,21,56.8,3,8.1,5.1
Suzuki, Ichiro,400085,37,4.5,29.7,100.1,80.2,85.4,77.6,351,126,,1,2.7,0,0.0,0.0
Strasburg, Stephen,544931,37,-14.0,13.5,107.1,77.8,97.8,73.5,356,75,,10,27.0,1,2.7,2.0
Sierra, Moises,501213,36,4.9,16.7,111.8,88.6,90.6,87.4,427,133,,11,30.6,3,8.3,5.0
Mikolas, Miles,571945,36,0.4,16.7,106.1,74.4,90.0,71.7,426,138,417,6,16.7,2,5.6,2.8
Harvey, Matt,518774,36,-3.9,22.2,101.5,78.3,85.8,75.0,362,118,,7,19.4,0,0.0,0.0
Williams, Trevor,592866,36,-5.1,11.1,98.4,75.9,80.0,74.5,279,91,,2,5.6,0,0.0,0.0
Lobaton, Jose,446653,35,4.1,40.0,103.3,85.9,94.1,79.8,377,148,,12,34.3,1,2.9,1.8
Beckham, Gordon,493596,35,11.5,22.9,106.6,84.2,89.3,79.5,390,182,,7,20.0,2,5.7,4.0
Moroff, Max,621559,35,12.7,42.9,105.3,83.8,92.1,72.5,403,188,388,12,34.3,3,8.6,4.5
Holliday, Matt,407812,35,12.8,28.6,110.2,90.9,93.0,90.2,448,176,420,17,48.6,2,5.7,3.1
Velasquez, Vince,592826,34,-7.3,14.7,105.7,81.2,93.4,79.1,396,89,,10,29.4,1,2.9,2.2
Nola, Aaron,605400,33,-13.0,12.1,101.3,69.5,90.0,64.8,296,80,,2,6.1,0,0.0,0.0
Hendricks, Kyle,543294,33,0.7,12.1,106.6,77.5,89.5,73.6,383,91,,5,15.2,0,0.0,0.0
Urshela, Gio,570482,33,18.2,18.2,107.5,85.7,83.5,90.9,397,144,359,10,30.3,2,6.1,4.3
Garcia, Aramis,605244,32,18.5,37.5,105.4,87.2,90.4,85.0,423,190,401,13,40.6,4,12.5,6.2
Shaw, Chris,622046,32,12.3,28.1,109.7,87.8,90.3,83.7,468,182,468,12,37.5,2,6.3,3.2
Headley, Chase,452104,32,10.6,31.3,101.4,86.2,86.5,87.0,355,124,,5,16.1,0,0.0,0.0
Brito, Socrates,593647,32,14.2,25.0,109.4,87.3,89.8,83.1,406,200,406,14,43.8,2,6.3,4.5
Quintana, Jose,500779,32,-17.7,12.5,105.4,72.9,87.5,70.5,289,63,,4,12.5,0,0.0,0.0
Maeda, Kenta,628317,31,-3.2,19.4,95.8,69.6,80.3,65.2,304,95,,1,3.4,0,0.0,0.0
Weaver, Luke,596133,31,-9.7,25.8,101.0,68.9,85.8,63.0,358,120,,1,3.2,0,0.0,0.0
Wisdom, Patrick,621550,31,17.0,38.7,112.2,90.5,97.8,87.7,427,194,406,13,41.9,4,12.9,6.9
Godley, Zack,643327,31,-9.0,16.1,101.9,67.7,77.6,64.0,358,94,,6,19.4,0,0.0,0.0
Kelly, Carson,608348,31,5.4,25.8,100.3,80.9,93.4,76.8,388,148,,8,25.8,2,6.5,4.8
Hill, Rich,448179,30,-11.3,6.7,98.3,64.6,74.7,61.9,281,60,,4,13.3,0,0.0,0.0
Bourjos, Peter,488721,30,2.7,26.7,106.9,84.5,92.6,78.2,383,151,364,10,33.3,1,3.3,2.1
Centeno, Juan,518542,30,7.7,40.0,99.4,85.8,90.9,82.1,391,164,391,7,23.3,1,3.3,2.6
Flaherty, Jack,656427,30,-10.5,13.3,106.3,77.7,89.6,74.0,328,88,,6,20.0,0,0.0,0.0
Wilkerson, Stevie,592859,30,12.9,23.3,99.6,84.1,90.2,78.6,384,155,,8,26.7,0,0.0,0.0
Ross, Tyson,475115,29,-3.3,27.6,103.2,81.3,96.4,71.9,396,151,396,8,27.6,2,6.9,4.3
Freeland, Kyle,607536,29,-2.2,17.2,106.1,69.0,91.8,62.4,386,122,,4,13.8,0,0.0,0.0
Stallings, Jacob,607732,29,10.5,34.5,105.7,89.6,87.7,91.9,366,148,,10,34.5,0,0.0,0.0
Stewart, DJ,621466,29,16.9,37.9,105.9,85.1,88.9,81.2,382,195,366,9,31.0,2,6.9,4.3
Smolinski, Jake,519295,29,14.2,17.2,104.8,88.9,95.5,90.8,386,136,,10,34.5,1,3.4,2.4
Hampson, Garrett,641658,28,6.0,39.3,101.8,80.4,90.1,72.2,396,172,,9,32.1,1,3.6,2.1
Gray, Jon,592351,28,-10.1,14.3,105.9,72.1,89.0,66.5,398,110,,4,14.3,0,0.0,0.0
Ciuffo, Nick,624419,28,5.7,25.0,101.4,78.1,86.6,72.5,360,132,360,6,21.4,0,0.0,0.0
Walker, Christian,572233,27,18.7,44.4,114.4,86.2,95.7,80.2,479,187,450,7,25.9,4,14.8,7.5
Nova, Ivan,467100,26,-10.6,15.4,101.4,75.5,85.7,73.1,362,93,,3,11.5,0,0.0,0.0
Rasmus, Colby,458675,26,19.0,23.1,104.2,86.5,90.5,85.7,414,167,414,8,30.8,2,7.7,4.1
Anderson, Chase,502624,26,-10.0,15.4,96.1,70.9,87.1,64.6,288,88,,2,7.7,0,0.0,0.0
Motter, Taylor,600301,26,4.5,23.1,106.1,80.8,98.5,72.8,393,122,393,10,38.5,1,3.8,2.6
Travis, Sam,607752,26,2.0,26.9,104.9,88.1,94.2,84.1,375,141,,7,26.9,0,0.0,0.0
Martinez, Carlos,593372,25,-5.7,28.0,107.6,81.6,91.3,77.8,407,112,407,9,36.0,1,4.0,2.8
Wood, Alex,622072,25,-22.1,4.0,98.4,64.9,81.4,62.7,223,43,,1,4.0,0,0.0,0.0
Bumgarner, Madison,518516,25,16.6,24.0,109.2,91.0,94.2,90.5,379,173,,13,52.0,0,0.0,0.0
Foltynewicz, Mike,592314,25,-11.9,16.0,101.9,61.7,87.5,54.0,361,83,,1,4.0,0,0.0,0.0
Torres, Ramon,593527,25,6.4,24.0,104.1,85.4,83.4,87.9,355,127,,6,24.0,0,0.0,0.0
Chatwood, Tyler,543022,25,-9.0,24.0,102.6,73.6,81.2,70.4,299,130,,2,8.0,0,0.0,0.0
Federowicz, Tim,543148,24,26.0,37.5,108.2,89.8,93.9,86.1,397,212,397,10,41.7,1,4.2,2.4
Guerra, Junior,448855,24,6.8,16.7,101.7,77.9,91.2,68.5,369,142,,4,16.7,0,0.0,0.0
Stripling, Ross,548389,24,-16.2,8.3,90.2,76.0,86.2,75.0,338,65,,0,0.0,0,0.0,0.0
Buehler, Walker,621111,24,-6.7,20.8,101.6,80.1,92.9,77.5,362,94,,7,33.3,0,0.0,0.0
Chen, Wei-Yin,612672,24,-14.3,12.5,99.5,72.5,84.3,70.8,358,51,,2,8.3,0,0.0,0.0
Anderson, Tyler,542881,24,-7.3,25.0,95.9,64.5,80.7,56.4,358,126,,1,4.2,0,0.0,0.0
Richard, Clayton,453385,24,-10.0,25.0,108.3,72.4,88.3,65.0,418,122,418,4,16.7,1,4.2,2.0
Alberto, Hanser,593643,24,17.3,29.2,105.6,79.5,88.7,74.8,393,194,,4,16.7,0,0.0,0.0
Stratton, Chris,608717,24,-7.5,41.7,98.6,71.9,91.7,60.1,346,129,,6,25.0,0,0.0,0.0
Cordell, Ryan,641477,24,19.6,29.2,107.0,87.3,92.6,86.4,419,216,419,6,25.0,1,4.2,2.5
Lorenzen, Michael,547179,23,-0.6,21.7,116.5,88.7,98.9,82.1,393,142,378,12,52.2,4,17.4,11.8
Musgrove, Joe,605397,23,-15.8,13.0,101.8,70.2,89.3,63.5,332,95,,6,26.1,0,0.0,0.0
Negron, Kristopher,502117,23,4.2,30.4,103.4,83.6,92.7,76.6,406,155,406,5,21.7,1,4.3,3.0
Wallach, Chad,595453,23,6.4,21.7,108.7,83.1,89.3,79.3,407,130,407,6,26.1,1,4.3,1.9
Pivetta, Nick,601713,23,-12.8,17.4,97.9,76.5,90.3,72.7,313,84,,2,9.1,0,0.0,0.0
Rodriguez, Dereck,605446,23,-9.1,13.0,103.6,69.0,95.4,64.5,342,89,,3,13.0,0,0.0,0.0
Gonzalez, Gio,461829,23,-0.8,26.1,94.7,73.1,78.2,71.2,306,111,,0,0.0,0,0.0,0.0
Hellickson, Jeremy,476451,22,-2.0,9.1,94.7,72.7,80.9,73.4,305,75,,0,0.0,0,0.0,0.0
Vargas, Jason,450306,22,-8.2,22.7,96.5,70.2,78.9,66.1,354,127,,1,4.8,0,0.0,0.0
McGuire, Reese,624512,22,12.5,45.5,102.9,83.3,88.0,77.3,402,200,387,5,22.7,2,9.1,6.1
Toles, Andrew,592808,22,4.9,36.4,102.6,88.6,90.9,86.4,367,162,,8,36.4,1,4.5,3.1
Holland, Derek,502706,22,-6.0,9.1,104.2,84.5,89.1,83.2,344,106,,6,27.3,0,0.0,0.0
Wacha, Michael,608379,22,-11.7,4.5,90.3,68.8,85.4,62.7,315,112,,0,0.0,0,0.0,0.0
Mahle, Tyler,641816,22,-14.8,18.2,106.8,79.8,91.0,78.1,383,73,,7,31.8,0,0.0,0.0
Gerber, Mike,595222,22,21.2,27.3,103.0,86.2,90.1,80.6,363,198,,6,27.3,0,0.0,0.0
Suarez, Andrew,605498,22,-14.9,18.2,100.5,71.5,91.3,70.7,272,63,,3,14.3,0,0.0,0.0
Kuhl, Chad,641771,22,-17.0,9.1,97.5,65.0,81.7,62.5,263,57,,1,4.5,0,0.0,0.0
Marjama, Mike,605357,21,7.7,9.5,105.3,88.9,100.0,88.1,372,102,,9,42.9,0,0.0,0.0
Cooper, Garrett,643265,21,-0.3,23.8,103.2,86.8,91.1,85.5,308,94,,5,23.8,0,0.0,0.0
Reinheimer, Jack,595373,21,6.8,23.8,100.3,86.6,90.6,83.9,374,134,,6,28.6,0,0.0,0.0
Lauer, Eric,641778,21,-5.7,14.3,99.2,72.2,89.3,62.5,341,154,,4,20.0,0,0.0,0.0
Frazier, Clint,640449,21,2.0,38.1,103.2,88.1,93.9,82.3,368,150,,7,33.3,1,4.8,2.4
Suter, Brent,608718,21,0.5,28.6,102.2,79.4,84.2,80.5,433,105,433,4,19.0,1,4.8,3.1
Telis, Tomas,542513,21,9.1,33.3,96.9,85.2,89.6,81.1,345,151,,3,14.3,0,0.0,0.0
DeSclafani, Anthony,543101,21,-5.6,33.3,102.7,72.5,88.5,64.5,379,157,375,2,9.5,2,9.5,4.3
Arrieta, Jake,453562,20,12.6,20.0,107.4,82.1,87.8,76.8,375,175,375,5,25.0,0,0.0,0.0
Bailey, Homer,456701,20,-19.0,0.0,98.2,66.8,74.9,65.7,214,40,,1,5.0,0,0.0,0.0
Ray, Robbie,592662,20,-11.8,25.0,98.3,67.5,86.3,61.2,305,118,,2,10.0,0,0.0,0.0
Gant, John,607231,20,-7.9,25.0,103.3,71.4,94.7,66.0,411,125,404,5,25.0,2,10.0,5.9
Newcomb, Sean,656794,20,-20.1,5.0,105.6,67.6,91.8,64.0,354,63,,3,15.0,0,0.0,0.0
Syndergaard, Noah,592789,19,7.9,31.6,106.9,77.8,91.2,63.9,402,171,,6,31.6,1,5.3,1.9
Buchholz, Clay,453329,19,-18.5,31.6,99.7,67.1,88.4,57.3,319,139,,2,11.1,0,0.0,0.0
Bettis, Chad,518452,19,-11.1,15.8,101.0,75.1,86.9,72.2,236,77,,4,21.1,0,0.0,0.0
Viloria, Meibrys,650619,19,4.0,36.8,106.5,85.3,82.7,87.2,382,152,,7,36.8,2,10.5,6.9
Davis, Jonathan,641505,19,-5.3,31.6,105.6,78.2,85.9,72.6,327,128,,2,10.5,0,0.0,0.0
Eflin, Zach,621107,19,-14.9,10.5,109.4,71.0,106.1,68.4,418,54,418,4,21.1,1,5.3,2.0
Kramer, Kevin,596012,18,28.7,44.4,105.2,93.2,93.0,94.2,389,259,,7,38.9,2,11.1,5.0
Richards, Trevor,670950,18,-13.9,11.1,100.5,67.0,93.5,66.7,214,58,,3,16.7,0,0.0,0.0
Tauchman, Mike,643565,18,-2.8,27.8,99.4,79.2,93.0,72.3,361,118,,4,22.2,0,0.0,0.0
Sanchez, Anibal,434671,18,-4.4,16.7,95.6,67.5,76.8,63.4,268,95,,1,5.6,0,0.0,0.0
Tapia, Raimel,606132,18,14.9,38.9,100.4,82.6,87.9,68.8,387,240,387,4,22.2,1,5.6,3.7
Gomber, Austin,596295,18,-24.9,16.7,100.2,76.0,94.9,72.2,358,83,,4,22.2,0,0.0,0.0
Powell, Boog,621471,18,-0.2,16.7,105.7,90.6,81.3,94.1,352,91,,8,44.4,0,0.0,0.0
Adams, Lane,572669,17,2.9,29.4,105.3,80.8,94.4,73.4,403,148,399,5,29.4,3,17.6,10.3
Blach, Ty,621389,17,0.9,17.6,100.0,75.1,79.1,72.8,348,115,,1,5.9,0,0.0,0.0
Santana, Danny,542454,17,9.4,29.4,107.8,91.0,97.5,79.2,400,212,,7,41.2,2,11.8,6.3
Phillips, Brandon,408252,16,3.5,6.3,108.5,82.2,103.6,78.5,432,86,432,2,12.5,1,6.3,3.7
Urena, Jose,570632,16,-18.1,6.3,109.4,58.5,74.4,56.6,195,61,,2,12.5,0,0.0,0.0
Romano, Sal,607219,16,-13.0,18.8,103.0,69.7,80.2,68.2,218,81,,2,12.5,0,0.0,0.0
Senzatela, Antonio,622608,16,-24.5,12.5,100.5,67.9,87.8,65.1,332,65,,2,12.5,0,0.0,0.0
Pennington, Cliff,460060,16,9.3,25.0,99.3,84.2,84.8,85.7,339,126,,3,18.8,0,0.0,0.0
Miley, Wade,489119,16,-7.3,12.5,98.3,79.0,72.9,81.5,284,47,,3,18.8,0,0.0,0.0
Gosselin, Phil,594838,16,6.6,37.5,103.5,85.7,91.9,81.0,405,157,405,4,25.0,1,6.3,3.6
Blash, Jabari,518466,16,17.9,31.3,116.2,94.6,96.4,89.3,376,213,,8,50.0,2,12.5,4.4
Brault, Steven,643230,15,0.9,13.3,102.4,91.2,89.7,92.6,350,77,,9,60.0,0,0.0,0.0
Vargas, Ildemaro,545121,15,7.1,40.0,103.5,87.0,87.2,86.6,400,166,400,4,26.7,1,6.7,5.0
Stewart, Chris,455755,15,2.7,33.3,95.4,84.6,85.7,83.4,335,154,,1,6.7,0,0.0,0.0
Cruz, Tony,488810,15,19.6,26.7,105.8,88.5,95.5,85.9,449,186,449,6,40.0,1,6.7,3.8
Erlin, Robbie,572362,15,-5.4,40.0,95.6,72.7,81.9,65.6,326,136,,1,6.7,0,0.0,0.0
Rosales, Adam,489267,15,12.3,26.7,101.7,84.7,93.5,76.9,366,184,356,5,33.3,1,6.7,4.8
Straily, Dan,573185,15,-12.4,26.7,101.2,70.8,84.8,63.8,320,145,,1,6.7,0,0.0,0.0
Ryu, Hyun-Jin,547943,15,0.8,26.7,107.0,89.9,100.1,84.8,344,132,,8,53.3,0,0.0,0.0
Susac, Andrew,572180,14,23.0,35.7,107.1,89.0,95.7,91.2,370,171,,7,50.0,0,0.0,0.0
Cozens, Dylan,622226,14,19.8,35.7,113.8,95.5,96.2,94.4,370,185,370,8,57.1,1,7.1,2.3
Hamels, Cole,430935,14,-6.5,14.3,105.0,77.0,80.5,74.6,437,105,437,3,21.4,1,7.1,3.7
Lucchesi, Joey,664192,14,-23.9,7.1,96.3,77.8,96.3,76.4,333,54,,1,7.1,0,0.0,0.0
Barnes, Brandon,488681,14,11.5,28.6,108.6,85.2,95.2,78.9,374,183,369,4,28.6,0,0.0,0.0
Montgomery, Mike,543557,14,-10.6,21.4,99.9,76.5,89.9,72.8,252,79,,1,7.1,0,0.0,0.0
Peralta, Freddy,642547,14,-10.1,0.0,96.4,79.5,,80.6,192,52,,3,21.4,0,0.0,0.0
Sardinas, Luis,596143,13,-0.6,15.4,99.5,83.4,90.8,78.8,368,141,352,2,15.4,0,0.0,0.0
Kingham, Nick,592468,13,-5.3,15.4,93.0,74.9,92.9,70.2,351,92,,0,0.0,0,0.0,0.0
Evans, Phillip,595943,13,19.0,38.5,102.8,85.4,86.4,86.6,378,155,,3,23.1,0,0.0,0.0
Joseph, Corban,543377,13,9.6,38.5,103.9,82.3,85.7,81.2,352,148,,2,15.4,0,0.0,0.0
Smith, Caleb,592761,13,-8.4,15.4,105.0,71.5,91.5,69.9,221,64,,3,23.1,0,0.0,0.0
Orf, Nate,644337,13,14.5,23.1,98.8,84.0,91.7,83.6,379,172,363,2,15.4,1,7.7,4.0
McCarthy, Brandon,435221,12,-6.4,50.0,105.2,76.1,95.5,62.3,361,149,,4,33.3,1,8.3,3.2
Nottingham, Jacob,641924,12,12.7,8.3,103.7,86.8,84.8,89.7,310,185,,3,25.0,0,0.0,0.0
Hudson, Joe,621529,12,12.8,41.7,103.9,94.0,94.0,93.9,373,217,,7,58.3,1,8.3,8.3
Moore, Adam,446192,12,0.6,33.3,106.0,86.9,102.9,70.9,418,213,418,6,50.0,3,25.0,15.0
Archer, Chris,502042,11,-12.0,9.1,100.0,73.8,88.5,70.6,298,64,,4,36.4,0,0.0,0.0
Fedde, Erick,607200,11,-20.0,9.1,98.7,73.6,86.8,72.3,268,58,,1,9.1,0,0.0,0.0
Davies, Zach,605200,11,0.8,18.2,96.9,66.0,96.9,55.6,221,51,,1,9.1,0,0.0,0.0
Berti, Jon,542932,11,1.7,54.5,109.8,95.1,101.9,83.1,379,178,,7,63.6,1,9.1,6.7
Gausman, Kevin,592332,10,-20.9,10.0,88.4,78.5,87.5,77.5,250,46,,0,0.0,0,0.0,0.0
den Dekker, Matthew,544925,10,24.6,30.0,104.9,85.9,96.1,78.9,343,194,,2,20.0,0,0.0,0.0
Haase, Eric,606992,10,12.2,30.0,93.5,76.8,87.8,70.7,352,119,,0,0.0,0,0.0,0.0
Rodriguez, Jefry,622446,10,-26.9,10.0,110.5,79.3,91.0,78.1,248,37,,3,30.0,0,0.0,0.0
Garcia, Adolis,666969,10,14.3,10.0,97.7,84.2,87.2,82.6,324,156,,1,10.0,0,0.0,0.0
Trahan, Blake,664167,10,2.3,20.0,100.8,84.2,75.1,92.7,304,97,,3,30.0,0,0.0,0.0
Guerrero, Gabriel,602115,10,7.0,50.0,106.4,90.0,91.5,88.5,415,177,415,4,40.0,2,20.0,11.1
Alford, Anthony,546990,10,19.1,40.0,106.4,86.4,87.4,84.8,308,185,,4,40.0,0,0.0,0.0
d'Arnaud, Travis,518595,10,20.5,80.0,107.9,94.2,95.1,96.5,381,243,381,5,50.0,2,20.0,12.5
Cueto, Johnny,456501,10,-15.3,10.0,91.0,72.6,79.3,71.0,262,56,,0,0.0,0,0.0,0.0
Gomez, Miguel,622497,10,-1.7,40.0,102.3,85.3,84.6,85.7,313,110,,3,30.0,0,0.0,0.0
Pedroia, Dustin,456030,10,11.0,40.0,95.5,85.1,89.5,80.7,311,170,,1,10.0,0,0.0,0.0
Lopez, Pablo,641154,9,-2.1,22.2,105.3,82.7,95.9,78.8,278,90,,3,33.3,0,0.0,0.0
Lee, Braxton,657658,9,-0.9,44.4,100.6,80.4,83.2,78.2,317,152,,2,25.0,0,0.0,0.0
Lyles, Jordan,543475,9,-26.0,0.0,100.4,70.5,,70.5,69,23,,2,22.2,0,0.0,0.0
Reynolds, Matt,608703,9,12.5,0.0,103.6,84.8,,93.9,218,91,,3,33.3,0,0.0,0.0
Kelly, Ty,571841,9,7.1,11.1,96.1,83.1,93.8,81.4,325,105,,1,11.1,0,0.0,0.0
Koch, Matt,571863,9,-7.0,33.3,98.3,69.3,89.5,53.2,299,187,,1,11.1,0,0.0,0.0
Bostick, Christopher,607471,9,16.5,44.4,102.5,79.8,88.5,73.5,304,146,,2,22.2,0,0.0,0.0
Mitchell, Bryan,571951,9,-19.7,11.1,94.5,70.2,83.2,68.5,204,53,,0,0.0,0,0.0,0.0
Oswalt, Corey,621261,9,-23.3,0.0,98.3,78.8,,77.4,125,24,,4,44.4,0,0.0,0.0
Straw, Myles,664702,9,10.2,44.4,98.0,84.2,95.2,78.0,395,169,395,2,22.2,1,11.1,10.0
Avelino, Abiatal,623214,8,-3.5,25.0,109.7,87.2,97.6,83.8,386,92,,3,37.5,0,0.0,0.0
Woodruff, Brandon,605540,8,-13.6,25.0,105.1,77.1,95.0,66.4,382,129,382,3,37.5,1,12.5,10.0
Castro, Harold,605612,8,4.5,50.0,98.6,86.4,86.4,86.3,340,145,,3,37.5,0,0.0,0.0
Graterol, Juan,492802,8,0.0,50.0,88.0,77.8,79.8,75.7,316,129,,0,0.0,0,0.0,0.0
Montero, Miguel,471083,8,12.9,50.0,100.9,85.2,89.3,81.1,333,180,,1,12.5,0,0.0,0.0
Skole, Matt,605474,8,32.2,50.0,110.1,86.7,91.8,74.3,418,212,418,2,25.0,1,12.5,7.7
Darvish, Yu,506433,7,-20.9,28.6,99.5,74.3,94.0,66.4,310,107,,1,14.3,0,0.0,0.0
Kivlehan, Patrick,623182,7,25.2,14.3,113.6,89.8,95.3,99.8,398,154,,3,42.9,1,14.3,7.1
Ruiz, Rio,547004,7,-0.7,28.6,97.2,90.6,95.5,86.9,368,149,,3,42.9,0,0.0,0.0
Velazquez, Andrew,623205,7,14.5,14.3,94.5,88.0,91.1,83.8,323,167,,0,0.0,0,0.0,0.0
Soroka, Mike,647336,7,-3.0,14.3,99.2,88.2,70.0,91.3,138,62,,2,28.6,0,0.0,0.0
Trevino, Jose,624431,7,10.9,14.3,98.7,83.3,75.3,87.1,320,125,,1,14.3,0,0.0,0.0
Guerra, Javy,642770,7,-11.3,0.0,102.8,72.6,76.5,75.0,241,66,,1,14.3,0,0.0,0.0
Ngoepe, Gift,547912,6,2.4,33.3,102.7,87.2,92.3,82.1,402,151,,2,33.3,1,16.7,5.3
Peters, Dillon,596071,6,-20.0,16.7,91.4,61.0,79.9,57.2,234,64,,0,0.0,0,0.0,0.0
Perdomo, Luis,606131,6,11.0,16.7,104.5,82.3,84.5,80.0,321,194,,1,16.7,0,0.0,0.0
Odorizzi, Jake,543606,6,-21.5,16.7,92.2,69.5,92.2,64.9,296,108,,0,0.0,0,0.0,0.0
Ponce de Leon, Daniel,594965,6,-17.0,0.0,97.6,79.1,,79.1,75,23,,1,16.7,0,0.0,0.0
Wainwright, Adam,425794,6,9.4,0.0,103.6,79.3,93.7,60.6,342,190,,1,16.7,0,0.0,0.0
Plouffe, Trevor,461858,6,17.9,33.3,109.5,93.3,100.5,57.7,401,266,401,4,66.7,2,33.3,16.7
Johnson, Sherman,582473,6,1.2,0.0,92.1,77.8,,77.4,34,16,,0,0.0,0,0.0,0.0
Locastro, Tim,641796,6,13.5,33.3,99.0,85.0,89.5,76.0,328,149,,1,25.0,0,0.0,0.0
Finnegan, Brandon,605232,6,-5.9,16.7,102.5,93.9,102.5,92.1,366,77,,3,50.0,0,0.0,0.0
Nix, Jacob,656798,5,-10.9,20.0,98.5,82.4,90.0,80.5,297,94,,1,20.0,0,0.0,0.0
Toussaint, Touki,657053,5,-3.7,20.0,106.7,85.1,85.8,84.9,301,74,,2,40.0,0,0.0,0.0
Tanaka, Masahiro,547888,5,-9.3,40.0,94.6,72.1,94.6,72.8,347,118,,0,0.0,0,0.0,0.0
Kennedy, Brett,664028,5,-27.0,0.0,89.1,66.1,,66.1,20,12,,0,0.0,0,0.0,0.0
Lavarnway, Ryan,543432,5,10.6,80.0,106.1,95.8,97.7,88.0,288,204,,3,60.0,0,0.0,0.0
Samardzija, Jeff,502188,5,-17.0,0.0,107.9,84.9,,84.9,97,29,,2,40.0,0,0.0,0.0
Pena, Felix,570240,5,-3.4,20.0,99.4,87.7,83.9,88.7,279,91,,1,20.0,0,0.0,0.0
Butler, Dan,576788,5,14.6,60.0,101.7,83.2,94.9,65.7,366,205,,2,40.0,0,0.0,0.0
Manaea, Sean,640455,5,-17.2,0.0,94.1,76.5,,76.5,51,18,,0,0.0,0,0.0,0.0
Lively, Ben,594902,5,0.1,20.0,107.5,81.7,,84.6,149,65,,2,40.0,0,0.0,0.0
Kang, Jung Ho,628356,5,12.7,40.0,95.1,87.3,88.6,85.4,241,127,,1,20.0,0,0.0,0.0
Fried, Max,608331,5,-16.4,20.0,102.5,81.4,77.9,82.2,137,39,,1,20.0,0,0.0,0.0
Davis, Taylor,543089,5,15.3,20.0,100.9,85.0,100.9,89.1,331,118,,2,40.0,0,0.0,0.0
Gonzalez, Alfredo,554054,5,-1.4,20.0,91.3,79.6,89.6,73.9,208,111,,0,0.0,0,0.0,0.0
Fontana, Nolan,545337,5,35.6,20.0,101.5,92.0,87.5,101.5,359,231,359,3,60.0,1,20.0,8.3
Wisler, Matt,605538,5,-7.7,20.0,102.4,79.0,91.8,70.5,351,134,,1,20.0,0,0.0,0.0
Milone, Tommy,543548,5,2.6,20.0,81.0,68.5,73.4,61.0,247,157,,0,0.0,0,0.0,0.0
Cobb, Alex,502171,5,-20.8,0.0,85.6,62.3,85.6,56.4,145,61,,0,0.0,0,0.0,0.0
Bautista, Rafael,622441,5,36.6,20.0,91.3,76.5,91.3,66.9,347,157,,0,0.0,0,0.0,0.0
Walding, Mitch,605520,5,16.9,0.0,103.9,87.3,92.9,83.6,435,169,435,1,20.0,1,20.0,5.3
Lugo, Seth,607625,4,-14.9,0.0,97.0,79.5,90.5,75.8,108,44,,1,25.0,0,0.0,0.0
Strahm, Matt,621381,4,-8.3,50.0,93.3,75.5,92.6,58.3,368,222,,0,0.0,0,0.0,0.0
Hernandez, Elieser,622694,4,-21.4,0.0,95.9,88.0,,88.0,142,39,,1,25.0,0,0.0,0.0
Cishek, Steve,518553,4,-17.2,0.0,98.9,81.5,,81.5,61,27,,1,25.0,0,0.0,0.0
Barria, Jaime,642545,4,-25.1,0.0,91.9,82.0,,82.0,42,15,,0,0.0,0,0.0,0.0
Holmes, Clay,605280,4,-6.0,0.0,94.4,74.6,80.1,72.8,312,207,,0,0.0,0,0.0,0.0
Reed, Michael,605439,4,11.4,75.0,102.5,96.2,94.7,100.9,353,232,,3,75.0,0,0.0,0.0
Porcello, Rick,519144,4,13.6,75.0,97.4,91.9,90.0,97.4,351,225,,1,25.0,0,0.0,0.0
Sewald, Paul,623149,4,-5.2,0.0,92.3,70.1,89.7,63.6,287,109,,0,0.0,0,0.0,0.0
Suarez, Ranger,624133,4,-0.8,25.0,90.7,82.0,84.0,80.1,313,194,,0,0.0,0,0.0,0.0
Shields, James,448306,4,-6.5,50.0,93.8,70.4,88.2,52.5,321,162,,0,0.0,0,0.0,0.0
Zagunis, Mark,657145,4,29.8,75.0,89.5,86.0,86.0,,286,249,,0,0.0,0,0.0,0.0
Gore, Terrance,605253,4,31.5,0.0,99.1,86.2,,92.4,44,28,,1,25.0,0,0.0,0.0
Anderson, Brett,474463,4,-3.9,50.0,86.3,71.4,82.1,60.8,226,134,,0,0.0,0,0.0,0.0
Pompey, Dalton,592647,4,0.4,50.0,105.3,90.4,93.7,87.2,293,186,,1,25.0,0,0.0,0.0
Hernandez, Felix,433587,4,-35.5,0.0,82.9,60.7,,60.7,3,3,,0,0.0,0,0.0,0.0
Rusin, Chris,543734,4,-16.5,0.0,96.9,74.4,,74.4,70,30,,1,25.0,0,0.0,0.0
Alcantara, Sandy,645261,4,-1.9,0.0,103.5,62.5,29.0,73.6,57,44,,1,25.0,0,0.0,0.0
Despaigne, Odrisamer,628333,4,-21.4,25.0,84.3,81.8,84.1,81.0,228,78,,0,0.0,0,0.0,0.0
Snyder, Brandon,474319,4,-1.5,0.0,97.0,81.6,81.0,81.7,229,81,,1,25.0,0,0.0,0.0
Kaczmarski, Kevin,664842,3,-3.2,33.3,91.8,77.5,79.2,74.0,362,190,,0,0.0,0,0.0,0.0
Baron, Steven,571467,3,44.0,33.3,79.1,75.5,74.9,,263,192,,0,0.0,0,0.0,0.0
Fulmer, Michael,605242,3,-23.4,0.0,92.7,52.5,,52.5,22,11,,0,0.0,0,0.0,0.0
Garcia, Jarlin,606424,3,-28.9,0.0,95.0,71.2,,71.2,6,6,,1,33.3,0,0.0,0.0
Taylor, Beau,607333,3,13.9,66.7,92.3,89.6,88.2,92.3,342,217,,0,0.0,0,0.0,0.0
Happ, J.A.,457918,3,16.4,33.3,84.0,80.9,79.9,82.8,307,186,,0,0.0,0,0.0,0.0
Walker, Taijuan,592836,3,-8.6,0.0,92.4,86.6,,86.6,44,22,,0,0.0,0,0.0,0.0
Saltalamacchia, Jarrod,457454,3,-6.9,33.3,89.3,83.5,89.3,80.6,318,163,,0,0.0,0,0.0,0.0
Allard, Kolby,663465,3,-21.4,33.3,82.1,54.7,82.1,41.0,195,195,,0,0.0,0,0.0,0.0
Mills, Alec,621219,3,28.0,33.3,87.5,80.5,87.5,73.9,189,135,,0,0.0,0,0.0,0.0
Verlander, Justin,434378,3,-7.1,0.0,84.4,78.2,,78.7,138,48,,0,0.0,0,0.0,0.0
Vincej, Zach,572227,3,22.5,100.0,85.7,74.7,74.7,,282,230,,0,0.0,0,0.0,0.0
Conlon, P.J.,664869,3,-4.6,33.3,77.1,69.7,,69.7,128,51,,0,0.0,0,0.0,0.0
Cole, A.J.,595918,3,10.3,33.3,105.2,67.6,105.2,41.0,395,269,395,1,33.3,1,33.3,25.0
Miller, Shelby,571946,3,35.7,0.0,80.0,76.6,75.8,73.8,271,157,,0,0.0,0,0.0,0.0
Jones, Ryder,624507,3,18.3,100.0,112.1,109.1,109.1,,429,365,424,3,100.0,2,66.7,25.0
Bundy, Dylan,605164,3,-18.7,33.3,86.1,70.4,83.2,64.0,266,95,,0,0.0,0,0.0,0.0
De Los Santos, Enyel,660853,3,-21.9,33.3,41.0,35.7,,35.7,28,28,,0,0.0,0,0.0,0.0
Vielma, Engelb,622713,3,-0.7,33.3,94.0,85.8,94.0,81.7,290,176,,0,0.0,0,0.0,0.0
Kelly, Casey,543391,3,-38.4,0.0,66.2,49.4,,49.4,2,2,,0,0.0,0,0.0,0.0
Floro, Dylan,571670,3,-29.1,0.0,96.6,71.9,,71.9,22,12,,1,33.3,0,0.0,0.0
Anderson, Drew,623454,3,-21.5,0.0,96.2,73.4,,73.4,23,23,,1,33.3,0,0.0,0.0
Grace, Matt,594840,3,14.9,0.0,94.6,91.1,89.4,94.6,300,179,,0,0.0,0,0.0,0.0
Johnson, Brian,598271,3,-17.7,33.3,101.5,90.5,101.5,85.1,235,81,,1,33.3,0,0.0,0.0
Brigham, Jeff,656257,3,13.3,33.3,97.6,72.9,97.6,41.0,214,214,,1,33.3,0,0.0,0.0
Gray, Sonny,543243,2,-7.6,0.0,85.6,59.6,85.6,33.6,136,70,,0,0.0,0,0.0,0.0
Baez, Pedro,520980,2,30.4,0.0,83.9,80.9,,77.9,194,129,,0,0.0,0,0.0,0.0
Font, Wilmer,521655,2,-39.0,0.0,41.0,41.0,,41.0,,,,0,0.0,0,0.0,0.0
Hutchison, Drew,571800,2,-10.1,0.0,103.7,87.7,,87.7,20,15,,1,50.0,0,0.0,0.0
Garneau, Dustin,572863,2,42.3,50.0,80.1,80.0,80.1,,195,195,,0,0.0,0,0.0,0.0
LeBlanc, Wade,453281,2,-18.2,0.0,91.7,66.4,,66.4,70,70,,0,0.0,0,0.0,0.0
Liriano, Francisco,434538,2,-16.9,0.0,102.4,71.7,,71.7,128,128,,1,50.0,0,0.0,0.0
Kennedy, Ian,453178,2,10.0,100.0,97.2,81.9,97.2,66.6,173,145,,1,50.0,0,0.0,0.0
Bauer, Trevor,545333,2,-31.0,0.0,75.0,58.0,,58.0,5,5,,0,0.0,0,0.0,0.0
Cashner, Andrew,488768,2,-3.7,50.0,67.2,64.0,60.7,67.2,165,85,,0,0.0,0,0.0,0.0
Yates, Kirby,489446,2,-8.5,0.0,82.9,81.1,,81.1,76,76,,0,0.0,0,0.0,0.0
Shipley, Braden,640463,2,15.5,0.0,80.0,72.2,,64.4,2,2,,0,0.0,0,0.0,0.0
Kluber, Corey,446372,2,30.5,50.0,54.5,41.9,29.4,,160,100,,0,0.0,0,0.0,0.0
Santiago, Hector,502327,2,20.0,0.0,79.4,75.6,79.4,71.7,223,117,,0,0.0,0,0.0,0.0
Berrios, Jose,621244,2,5.3,50.0,94.5,86.7,94.5,78.8,281,156,,0,0.0,0,0.0,0.0
Plutko, Adam,592644,2,-39.0,0.0,41.0,41.0,,41.0,,,,0,0.0,0,0.0,0.0
Carrasco, Carlos,471911,2,-6.5,0.0,92.2,77.1,,77.1,118,63,,0,0.0,0,0.0,0.0
Giolito, Lucas,608337,2,30.1,50.0,76.1,68.4,68.4,,231,180,,0,0.0,0,0.0,0.0
Fillmyer, Heath,641571,2,-15.1,50.0,101.7,71.3,101.7,41.0,213,213,,1,50.0,0,0.0,0.0
Nuno III, Vidal,573064,2,16.5,100.0,102.1,80.8,102.1,59.6,290,208,,1,50.0,0,0.0,0.0
McRae, Alex,656725,2,-14.2,50.0,91.5,85.6,91.5,79.7,257,130,,0,0.0,0,0.0,0.0
Navarro, Efren,519068,2,2.0,50.0,95.2,92.8,95.2,90.3,300,300,,1,50.0,0,0.0,0.0
Minor, Mike,501985,2,26.9,50.0,105.1,99.5,99.5,,384,361,,1,50.0,1,50.0,33.3
Wilson, Bryse,669060,2,37.3,0.0,97.5,88.8,,97.5,139,139,,1,50.0,0,0.0,0.0
Schimpf, Ryan,572114,2,-5.2,50.0,99.2,70.2,99.2,41.1,408,205,408,1,50.0,1,50.0,14.3
Gonzalez, Merandy,642571,2,13.0,50.0,81.9,77.2,72.5,81.9,228,152,,0,0.0,0,0.0,0.0
Reed, AJ,607223,2,21.5,0.0,83.3,73.0,,62.7,162,84,,0,0.0,0,0.0,0.0
Farrell, Luke,608652,2,-26.0,0.0,92.1,66.5,,66.5,9,9,,0,0.0,0,0.0,0.0
Musgrave, Harrison,643466,2,-23.1,0.0,79.3,78.0,,78.0,43,23,,0,0.0,0,0.0,0.0
Ross, Joe,605452,2,-20.2,0.0,82.9,74.7,,74.7,5,5,,0,0.0,0,0.0,0.0
Strop, Pedro,467008,2,16.6,0.0,98.4,96.4,94.4,98.4,329,181,,1,50.0,0,0.0,0.0
McGowin, Kyle,641851,2,-29.8,0.0,82.9,62.0,,62.0,,,,0,0.0,0,0.0,0.0
Eovaldi, Nathan,543135,2,3.2,0.0,102.9,84.1,102.9,65.3,163,109,,1,50.0,0,0.0,0.0
Jackson, Luke,592426,2,-32.5,0.0,88.4,64.7,,64.7,6,6,,0,0.0,0,0.0,0.0
Gibson, Kyle,502043,2,5.2,0.0,93.2,92.2,91.1,93.2,177,131,,0,0.0,0,0.0,0.0
Norwood, James,656803,2,-20.7,0.0,99.1,96.6,,96.6,15,10,,1,50.0,0,0.0,0.0
Keller, Brad,641745,2,-13.9,0.0,98.9,94.8,,94.8,20,13,,1,50.0,0,0.0,0.0
Wright, David,431151,2,24.0,0.0,90.9,85.5,,90.9,5,5,,0,0.0,0,0.0,0.0
Iglesias, Raisel,628452,2,-20.5,50.0,64.6,61.3,64.6,57.9,130,66,,0,0.0,0,0.0,0.0
Gallardo, Yovani,451596,2,-16.5,0.0,83.2,62.1,,62.1,98,98,,0,0.0,0,0.0,0.0
Bergman, Christian,548357,2,19.5,0.0,85.2,57.9,,85.2,67,63,,0,0.0,0,0.0,0.0
Peralta, Wandy,593974,2,-39.0,0.0,41.0,41.0,,41.0,,,,0,0.0,0,0.0,0.0
Bieber, Shane,669456,2,4.5,50.0,94.1,92.6,94.1,91.2,303,160,,0,0.0,0,0.0,0.0
Stroman, Marcus,573186,2,12.7,100.0,87.6,75.2,87.6,62.7,272,177,,0,0.0,0,0.0,0.0
Blackburn, Paul,621112,2,-41.2,0.0,64.6,52.8,,52.8,3,3,,0,0.0,0,0.0,0.0
Mengden, Daniel,596043,2,-20.8,0.0,85.1,76.7,,76.7,38,20,,0,0.0,0,0.0,0.0
Sweeney, Darnell,572182,2,30.9,50.0,87.2,82.4,82.4,,290,279,,0,0.0,0,0.0,0.0
Gagnon, Drew,543193,2,30.3,100.0,94.0,87.3,87.3,,331,312,,0,0.0,0,0.0,0.0
Jennings, Dan,543359,2,5.1,50.0,93.5,87.9,82.3,93.5,172,105,,0,0.0,0,0.0,0.0
Heaney, Andrew,571760,2,-17.6,0.0,95.0,93.3,,93.3,12,9,,0,0.0,0,0.0,0.0
Hess, David,605276,2,-5.5,50.0,59.3,50.4,59.3,41.5,170,87,,0,0.0,0,0.0,0.0
Butler, Eddie,572750,2,-9.4,50.0,89.7,84.4,,84.4,128,66,,0,0.0,0,0.0,0.0
McGuire, Deck,592547,2,9.2,50.0,103.9,65.6,103.9,27.3,224,122,,1,50.0,0,0.0,0.0
Gaviglio, Sam,543208,2,14.4,100.0,100.8,85.1,85.1,,305,229,,1,50.0,0,0.0,0.0
Suero, Wander,593833,2,20.3,0.0,86.7,78.2,,86.7,140,72,,0,0.0,0,0.0,0.0
Franklin, Nick,545338,2,-16.5,0.0,86.0,85.7,,85.7,8,7,,0,0.0,0,0.0,0.0
Ferguson, Caleb,657571,2,-13.1,0.0,96.8,96.2,,96.2,27,17,,2,100.0,0,0.0,0.0
Jackson, Edwin,429719,2,-10.0,0.0,82.9,79.3,,79.3,52,52,,0,0.0,0,0.0,0.0
Biddle, Jesse,592145,2,4.5,50.0,93.2,85.6,93.2,77.9,272,145,,0,0.0,0,0.0,0.0
Lynn, Lance,458681,2,44.9,50.0,92.8,86.4,92.8,,308,308,,0,0.0,0,0.0,0.0
Chargois, JT,608638,1,-24.3,0.0,65.4,65.4,,65.4,6,6,,0,0.0,0,0.0,0.0
McGrath, Kyle,657681,1,-10.0,0.0,86.0,86.0,,86.0,16,16,,0,0.0,0,0.0,0.0
Garrett, Amir,607237,1,3.6,0.0,96.4,96.4,,96.4,91,91,,1,100.0,0,0.0,0.0
Hughes, Phil,461833,1,-50.8,0.0,73.9,73.9,,73.9,2,2,,0,0.0,0,0.0,0.0
Rosario, Randy,600968,1,-3.5,0.0,104.0,104.0,,104.0,34,34,,1,100.0,0,0.0,0.0
Wright, Mike,605541,1,-44.3,0.0,73.8,73.8,,73.8,2,2,,0,0.0,0,0.0,0.0
Flynn, Brian,543169,1,-6.7,0.0,102.2,102.2,,102.2,21,21,,1,100.0,0,0.0,0.0
Anderson, Tanner,664196,1,-12.4,0.0,92.8,92.8,,92.8,9,9,,0,0.0,0,0.0,0.0
Severino, Luis,622663,1,39.3,0.0,89.2,89.2,89.2,,,,,0,0.0,0,0.0,0.0
Peterson, Tim,623402,1,4.2,0.0,96.0,96.0,,96.0,106,106,,1,100.0,0,0.0,0.0
Cloyd, Tyler,543031,1,3.1,0.0,94.9,94.9,,94.9,90,90,,0,0.0,0,0.0,0.0
Salas, Fernando,477569,1,-25.4,0.0,87.0,87.0,,87.0,7,7,,0,0.0,0,0.0,0.0
Junis, Jakob,596001,1,-39.0,0.0,41.0,41.0,,41.0,,,,0,0.0,0,0.0,0.0
Hernandez, David,456696,1,17.9,100.0,87.5,87.5,87.5,,246,246,,0,0.0,0,0.0,0.0
Law, Derek,571882,1,4.1,0.0,96.2,96.2,,96.2,113,113,,1,100.0,0,0.0,0.0
VerHagen, Drew,572403,1,-15.4,0.0,101.0,101.0,,101.0,9,9,,1,100.0,0,0.0,0.0
Turnbull, Spencer,605513,1,-42.8,0.0,76.4,76.4,,76.4,2,2,,0,0.0,0,0.0,0.0
Colon, Bartolo,112526,1,-30.5,0.0,76.9,76.9,,76.9,4,4,,0,0.0,0,0.0,0.0
Almonte, Yency,622075,1,-47.6,0.0,67.9,67.9,,67.9,3,3,,0,0.0,0,0.0,0.0
Rucinski, Drew,607968,1,-43.3,0.0,39.1,39.1,,39.1,2,2,,0,0.0,0,0.0,0.0
Sims, Lucas,608371,1,-39.0,0.0,41.0,41.0,,41.0,,,,0,0.0,0,0.0,0.0
Hudson, Daniel,543339,1,-21.2,0.0,73.0,73.0,,73.0,4,4,,0,0.0,0,0.0,0.0
Hammel, Jason,434628,1,-4.0,0.0,59.5,59.5,,59.5,23,23,,0,0.0,0,0.0,0.0
Romero, Enny,544836,1,12.4,100.0,100.7,100.7,100.7,,307,307,,1,100.0,0,0.0,0.0
Sobotka, Chad,656977,1,-1.6,0.0,93.3,93.3,,93.3,40,40,,0,0.0,0,0.0,0.0
Feliz, Michael,593140,1,-39.4,0.0,87.3,87.3,,87.3,3,3,,0,0.0,0,0.0,0.0
Burnes, Corbin,669203,1,-39.0,0.0,41.0,41.0,,41.0,,,,0,0.0,0,0.0,0.0
Gale, Rocky,502570,1,64.6,0.0,30.9,30.9,,,39,39,,0,0.0,0,0.0,0.0
Johnson, Pierce,572955,1,-6.4,0.0,83.2,83.2,,83.2,19,19,,0,0.0,0,0.0,0.0
Ramirez, Yefry,606162,1,30.8,100.0,85.1,85.1,85.1,,318,318,,0,0.0,0,0.0,0.0
Cole, Gerrit,543037,1,42.1,0.0,82.9,82.9,82.9,,283,283,,0,0.0,0,0.0,0.0
Hirano, Yoshihisa,673633,1,-28.6,0.0,79.2,79.2,,79.2,5,5,,0,0.0,0,0.0,0.0
Hand, Brad,543272,1,-25.5,0.0,97.1,97.1,,97.1,4,4,,1,100.0,0,0.0,0.0
Wilkerson, Aaron,658792,1,-28.7,0.0,94.8,94.8,,94.8,5,5,,0,0.0,0,0.0,0.0
Meyer, Ben,656738,1,-26.9,0.0,79.9,79.9,,79.9,5,5,,0,0.0,0,0.0,0.0
Elias, Roenis,606273,1,17.4,100.0,74.0,74.0,74.0,,183,183,,0,0.0,0,0.0,0.0
Liberatore, Adam,571893,1,-39.0,0.0,41.0,41.0,,41.0,,,,0,0.0,0,0.0,0.0
Peterson, Dustin,640460,1,48.0,0.0,88.1,88.1,88.1,,271,271,,0,0.0,0,0.0,0.0
Williams, Justin,642211,1,-23.6,0.0,90.1,90.1,,90.1,4,4,,0,0.0,0,0.0,0.0
Sosa, Edmundo,624641,1,48.3,0.0,84.4,84.4,84.4,,229,229,,0,0.0,0,0.0,0.0
Miller, Justin,502522,1,-3.2,0.0,66.0,66.0,,66.0,26,26,,0,0.0,0,0.0,0.0
Beeks, Jalen,656222,1,-20.7,0.0,82.9,82.9,,82.9,,,,0,0.0,0,0.0,0.0
Gonzales, Marco,594835,1,-39.0,0.0,41.0,41.0,,41.0,,,,0,0.0,0,0.0,0.0
Graves, Brett,605255,1,69.0,0.0,80.0,80.0,,,,,,0,0.0,0,0.0,0.0
McCullers Jr., Lance,621121,1,-4.6,0.0,95.4,95.4,,95.4,22,22,,1,100.0,0,0.0,0.0
Skoglund, Eric,607215,1,0.5,0.0,100.1,100.1,,100.1,61,61,,1,100.0,0,0.0,0.0
Blevins, Jerry,460283,1,14.6,100.0,90.4,90.4,90.4,,,,,0,,0,0.0,0.0
De La Rosa, Jorge,407822,1,-40.6,0.0,62.7,62.7,,62.7,1,1,,0,0.0,0,0.0,0.0
Norris, Daniel,596057,1,-37.4,0.0,95.2,95.2,,95.2,4,4,,1,100.0,0,0.0,0.0
Yarbrough, Ryan,642232,1,-29.1,0.0,86.2,86.2,,86.2,4,4,,0,0.0,0,0.0,0.0
Ramirez, Erasmo,541640,1,-2.3,0.0,89.7,89.7,,89.7,33,33,,0,0.0,0,0.0,0.0
Velazquez, Hector,584171,1,4.9,0.0,96.2,96.2,,96.2,115,115,,1,100.0,0,0.0,0.0
Stephenson, Robert,596112,1,37.5,0.0,75.5,75.5,75.5,,239,239,,0,0.0,0,0.0,0.0
Makita, Kazuhisa,628318,1,12.4,100.0,98.3,98.3,98.3,,299,299,,1,100.0,0,0.0,0.0
Baumann, Buddy,571473,1,29.2,100.0,63.6,63.6,,,193,193,,0,0.0,0,0.0,0.0
Hudson, Dakota,641712,1,-58.2,0.0,79.4,79.4,,79.4,2,2,,0,0.0,0,0.0,0.0
Gallegos, Giovanny,606149,1,-37.0,0.0,82.0,82.0,,82.0,4,4,,0,0.0,0,0.0,0.0
Leiter Jr., Mark,643410,1,-26.3,0.0,84.1,84.1,,84.1,4,4,,0,0.0,0,0.0,0.0
Santana, Dennis,642701,1,23.7,100.0,93.2,93.2,93.2,,346,346,,0,0.0,0,0.0,0.0
Williams, Taylor,592865,1,-1.9,0.0,97.2,97.2,,97.2,36,36,,1,100.0,0,0.0,0.0
Hader, Josh,623352,1,11.6,100.0,94.9,94.9,94.9,,202,202,,0,0.0,0,0.0,0.0
Voth, Austin,608723,1,-31.6,0.0,45.3,45.3,,45.3,5,5,,0,0.0,0,0.0,0.0
Reed, Cody,642003,1,-6.0,0.0,70.6,70.6,,70.6,18,18,,0,0.0,0,0.0,0.0
Hunter, Tommy,488984,1,69.0,0.0,80.0,80.0,,,0,0,,0,0.0,0,0.0,0.0
Alexander, Scott,518397,1,-39.0,0.0,41.0,41.0,,41.0,,,,0,0.0,0,0.0,0.0
Lopez, Jorge,605347,1,16.6,100.0,100.6,100.6,100.6,,308,308,,1,100.0,0,0.0,0.0
Underwood Jr., Duane,621249,1,11.5,100.0,66.9,66.9,,66.9,121,121,,0,0.0,0,0.0,0.0
Gsellman, Robert,607229,1,-60.0,0.0,87.0,87.0,,87.0,2,2,,0,0.0,0,0.0,0.0
Freeman, Mike,502273,1,9.2,100.0,32.3,32.3,,32.3,34,34,,0,0.0,0,0.0,0.0
Bowman, Matt,621199,1,-2.1,0.0,92.3,92.3,,92.3,29,29,,0,0.0,0,0.0,0.0
Stephens, Jackson,623451,1,-21.0,0.0,99.0,99.0,,99.0,6,6,,1,100.0,0,0.0,0.0
Hoffman, Jeff,656546,1,-39.0,0.0,41.0,41.0,,41.0,,,,0,0.0,0,0.0,0.0
Sadler, Casey,594987,1,-20.3,0.0,88.4,88.4,,88.4,7,7,,0,0.0,0,0.0,0.0
Rodriguez, Eduardo,593958,1,-12.4,0.0,85.4,85.4,,85.4,15,15,,0,0.0,0,0.0,0.0
Brebbia, John,605154,1,-33.4,0.0,73.0,73.0,,73.0,4,4,,0,0.0,0,0.0,0.0
Jurado, Ariel,642558,1,-39.0,0.0,41.0,41.0,,41.0,,,,0,0.0,0,0.0,0.0
Morton, Charlie,450203,1,12.6,100.0,92.2,92.2,92.2,,237,237,,0,0.0,0,0.0,0.0
Mendez, Yohander,622795,1,-12.9,0.0,68.3,68.3,,68.3,10,10,,0,0.0,0,0.0,0.0
Sanchez, Aaron,592717,1,2.0,0.0,85.4,85.4,,85.4,70,70,,0,0.0,0,0.0,0.0
McFarland, T.J.,519008,1,-28.4,0.0,92.4,92.4,,92.4,5,5,,0,0.0,0,0.0,0.0
Winkler, Dan,595465,1,-33.0,0.0,94.5,94.5,,94.5,4,4,,0,0.0,0,0.0,0.0
Castillo, Jose,620454,1,-31.1,0.0,94.1,94.1,,94.1,5,5,,0,0.0,0,0.0,0.0
Cimber, Adam,643256,1,48.6,0.0,68.5,68.5,,,194,194,,0,0.0,0,0.0,0.0
Carle, Shane,641438,1,-39.0,0.0,41.0,41.0,,41.0,,,,0,0.0,0,0.0,0.0